scan_utc,volcano,wwlln_id,inner_strokes,outer_strokes,alert,n_stroke_positions
2026-04-23T21:24:07.040314+00:00,Taapaca,1505-011,0,11,GREEN,11
2026-04-23T21:24:07.040314+00:00,Parinacota,1505-012,0,12,GREEN,12
2026-04-23T21:24:07.040314+00:00,Guallatiri,1505-02-,0,11,GREEN,11
2026-04-23T21:24:07.040314+00:00,Isluga,1505-03-,0,10,GREEN,10
2026-04-23T21:24:07.040314+00:00,Irruputuncu,1505-04-,0,0,GREEN,0
2026-04-23T21:24:07.040314+00:00,Ollague,1505-06-,0,0,GREEN,0
2026-04-23T21:24:07.040314+00:00,San Pedro,1505-07-,0,0,GREEN,0
2026-04-23T21:24:07.040314+00:00,Lascar,1505-10-,0,0,GREEN,0
2026-04-23T21:24:07.040314+00:00,Tupungatito,1507-01-,0,0,GREEN,0
2026-04-23T21:24:07.040314+00:00,San Jose,1507-02-,0,0,GREEN,0
2026-04-23T21:24:07.040314+00:00,Tinguiririca,1507-03-,0,0,GREEN,0
2026-04-23T21:24:07.040314+00:00,Planchon-Peteroa,1507-04-,0,0,GREEN,0
2026-04-23T21:24:07.040314+00:00,Descabezado Grande,1507-05-,0,0,GREEN,0
2026-04-23T21:24:07.040314+00:00,Tatara-San Pedro,1507-062,0,0,GREEN,0
2026-04-23T21:24:07.040314+00:00,Laguna del Maule,1507-061,0,0,GREEN,0
2026-04-23T21:24:07.040314+00:00,Nevado de Longavi,1507-063,0,0,GREEN,0
2026-04-23T21:24:07.040314+00:00,Nevados de Chillan,1507-07-,0,0,GREEN,0
2026-04-23T21:24:07.040314+00:00,Antuco,1507-08-,0,0,GREEN,0
2026-04-23T21:24:07.040314+00:00,Copahue,1507-09-,0,0,GREEN,0
2026-04-23T21:24:07.040314+00:00,Callaqui,1507-091,0,0,GREEN,0
2026-04-23T21:24:07.040314+00:00,Lonquimay,1507-10-,0,0,GREEN,0
2026-04-23T21:24:07.040314+00:00,Llaima,1507-11-,0,0,GREEN,0
2026-04-23T21:24:07.040314+00:00,Sollipulli,1507-111,0,0,GREEN,0
2026-04-23T21:24:07.040314+00:00,Villarrica,1507-12-,0,0,GREEN,0
2026-04-23T21:24:07.040314+00:00,Quetrupillan,1507-121,0,0,GREEN,0
2026-04-23T21:24:07.040314+00:00,Lanin,1507-122,0,0,GREEN,0
2026-04-23T21:24:07.040314+00:00,Mocho-Choshuenco,1507-13-,0,0,GREEN,0
2026-04-23T21:24:07.040314+00:00,Carran - Los Venados,1507-14-,0,0,GREEN,0
2026-04-23T21:24:07.040314+00:00,Puyehue - Cordon Caulle,1507-15-,0,0,GREEN,0
2026-04-23T21:24:07.040314+00:00,Antillanca - Casablanca,1507-153,0,0,GREEN,0
2026-04-23T21:24:07.040314+00:00,Osorno,1508-01-,0,0,GREEN,0
2026-04-23T21:24:07.040314+00:00,Calbuco,1508-02-,0,0,GREEN,0
2026-04-23T21:24:07.040314+00:00,Yate,1508-022,0,0,GREEN,0
2026-04-23T21:24:07.040314+00:00,Hornopiren,1508-023,0,0,GREEN,0
2026-04-23T21:24:07.040314+00:00,Huequi,1508-03-,0,0,GREEN,0
2026-04-23T21:24:07.040314+00:00,Michinmahuida,1508-04-,0,0,GREEN,0
2026-04-23T21:24:07.040314+00:00,Chaiten,1508-041,0,0,GREEN,0
2026-04-23T21:24:07.040314+00:00,Corcovado,1508-05-,0,0,GREEN,0
2026-04-23T21:24:07.040314+00:00,Melimoyu,1508-052,0,0,GREEN,0
2026-04-23T21:24:07.040314+00:00,Mentolat,1508-054,0,0,GREEN,0
2026-04-23T21:24:07.040314+00:00,Cay,1508-055,0,0,GREEN,0
2026-04-23T21:24:07.040314+00:00,Maca,1508-056,0,0,GREEN,0
2026-04-23T21:24:07.040314+00:00,Hudson,1508-057,0,0,GREEN,0
2026-04-23T21:24:07.040314+00:00,Acatenango,1402-09-,0,290,GREEN,290
2026-04-23T21:24:07.040314+00:00,Fuego,1402-10-,1,281,YELLOW,283
2026-04-23T21:24:07.040314+00:00,Agua,1402-111,30,194,YELLOW,254
2026-04-23T22:07:58.495337+00:00,Taapaca,1505-011,0,12,GREEN,12
2026-04-23T22:07:58.495337+00:00,Parinacota,1505-012,0,16,GREEN,16
2026-04-23T22:07:58.495337+00:00,Guallatiri,1505-02-,0,16,GREEN,16
2026-04-23T22:07:58.495337+00:00,Isluga,1505-03-,0,4,GREEN,4
2026-04-23T22:07:58.495337+00:00,Irruputuncu,1505-04-,0,0,GREEN,0
2026-04-23T22:07:58.495337+00:00,Ollague,1505-06-,0,0,GREEN,0
2026-04-23T22:07:58.495337+00:00,San Pedro,1505-07-,0,0,GREEN,0
2026-04-23T22:07:58.495337+00:00,Lascar,1505-10-,0,0,GREEN,0
2026-04-23T22:07:58.495337+00:00,Tupungatito,1507-01-,0,0,GREEN,0
2026-04-23T22:07:58.495337+00:00,San Jose,1507-02-,0,0,GREEN,0
2026-04-23T22:07:58.495337+00:00,Tinguiririca,1507-03-,0,0,GREEN,0
2026-04-23T22:07:58.495337+00:00,Planchon-Peteroa,1507-04-,0,0,GREEN,0
2026-04-23T22:07:58.495337+00:00,Descabezado Grande,1507-05-,0,0,GREEN,0
2026-04-23T22:07:58.495337+00:00,Tatara-San Pedro,1507-062,0,0,GREEN,0
2026-04-23T22:07:58.495337+00:00,Laguna del Maule,1507-061,0,0,GREEN,0
2026-04-23T22:07:58.495337+00:00,Nevado de Longavi,1507-063,0,0,GREEN,0
2026-04-23T22:07:58.495337+00:00,Nevados de Chillan,1507-07-,0,0,GREEN,0
2026-04-23T22:07:58.495337+00:00,Antuco,1507-08-,0,0,GREEN,0
2026-04-23T22:07:58.495337+00:00,Copahue,1507-09-,0,0,GREEN,0
2026-04-23T22:07:58.495337+00:00,Callaqui,1507-091,0,0,GREEN,0
2026-04-23T22:07:58.495337+00:00,Lonquimay,1507-10-,0,0,GREEN,0
2026-04-23T22:07:58.495337+00:00,Llaima,1507-11-,0,0,GREEN,0
2026-04-23T22:07:58.495337+00:00,Sollipulli,1507-111,0,0,GREEN,0
2026-04-23T22:07:58.495337+00:00,Villarrica,1507-12-,0,0,GREEN,0
2026-04-23T22:07:58.495337+00:00,Quetrupillan,1507-121,0,0,GREEN,0
2026-04-23T22:07:58.495337+00:00,Lanin,1507-122,0,0,GREEN,0
2026-04-23T22:07:58.495337+00:00,Mocho-Choshuenco,1507-13-,0,0,GREEN,0
2026-04-23T22:07:58.495337+00:00,Carran - Los Venados,1507-14-,0,0,GREEN,0
2026-04-23T22:07:58.495337+00:00,Puyehue - Cordon Caulle,1507-15-,0,0,GREEN,0
2026-04-23T22:07:58.495337+00:00,Antillanca - Casablanca,1507-153,0,0,GREEN,0
2026-04-23T22:07:58.495337+00:00,Osorno,1508-01-,0,0,GREEN,0
2026-04-23T22:07:58.495337+00:00,Calbuco,1508-02-,0,0,GREEN,0
2026-04-23T22:07:58.495337+00:00,Yate,1508-022,0,0,GREEN,0
2026-04-23T22:07:58.495337+00:00,Hornopiren,1508-023,0,0,GREEN,0
2026-04-23T22:07:58.495337+00:00,Huequi,1508-03-,0,0,GREEN,0
2026-04-23T22:07:58.495337+00:00,Michinmahuida,1508-04-,0,0,GREEN,0
2026-04-23T22:07:58.495337+00:00,Chaiten,1508-041,0,0,GREEN,0
2026-04-23T22:07:58.495337+00:00,Corcovado,1508-05-,0,0,GREEN,0
2026-04-23T22:07:58.495337+00:00,Melimoyu,1508-052,0,0,GREEN,0
2026-04-23T22:07:58.495337+00:00,Mentolat,1508-054,0,0,GREEN,0
2026-04-23T22:07:58.495337+00:00,Cay,1508-055,0,0,GREEN,0
2026-04-23T22:07:58.495337+00:00,Maca,1508-056,0,0,GREEN,0
2026-04-23T22:07:58.495337+00:00,Hudson,1508-057,0,0,GREEN,0
2026-04-23T22:07:58.495337+00:00,Acatenango,1402-09-,1,556,YELLOW,558
2026-04-23T22:07:58.495337+00:00,Fuego,1402-10-,3,534,YELLOW,540
2026-04-23T22:07:58.495337+00:00,Agua,1402-111,9,427,YELLOW,445
2026-04-23T23:05:31.596575+00:00,Taapaca,1505-011,0,6,GREEN,6
2026-04-23T23:05:31.596575+00:00,Parinacota,1505-012,0,13,GREEN,13
2026-04-23T23:05:31.596575+00:00,Guallatiri,1505-02-,0,13,GREEN,13
2026-04-23T23:05:31.596575+00:00,Isluga,1505-03-,0,1,GREEN,1
2026-04-23T23:05:31.596575+00:00,Irruputuncu,1505-04-,0,0,GREEN,0
2026-04-23T23:05:31.596575+00:00,Ollague,1505-06-,0,0,GREEN,0
2026-04-23T23:05:31.596575+00:00,San Pedro,1505-07-,0,0,GREEN,0
2026-04-23T23:05:31.596575+00:00,Lascar,1505-10-,0,0,GREEN,0
2026-04-23T23:05:31.596575+00:00,Tupungatito,1507-01-,0,0,GREEN,0
2026-04-23T23:05:31.596575+00:00,San Jose,1507-02-,0,0,GREEN,0
2026-04-23T23:05:31.596575+00:00,Tinguiririca,1507-03-,0,0,GREEN,0
2026-04-23T23:05:31.596575+00:00,Planchon-Peteroa,1507-04-,0,0,GREEN,0
2026-04-23T23:05:31.596575+00:00,Descabezado Grande,1507-05-,0,0,GREEN,0
2026-04-23T23:05:31.596575+00:00,Tatara-San Pedro,1507-062,0,0,GREEN,0
2026-04-23T23:05:31.596575+00:00,Laguna del Maule,1507-061,0,0,GREEN,0
2026-04-23T23:05:31.596575+00:00,Nevado de Longavi,1507-063,0,0,GREEN,0
2026-04-23T23:05:31.596575+00:00,Nevados de Chillan,1507-07-,0,0,GREEN,0
2026-04-23T23:05:31.596575+00:00,Antuco,1507-08-,0,0,GREEN,0
2026-04-23T23:05:31.596575+00:00,Copahue,1507-09-,0,0,GREEN,0
2026-04-23T23:05:31.596575+00:00,Callaqui,1507-091,0,0,GREEN,0
2026-04-23T23:05:31.596575+00:00,Lonquimay,1507-10-,0,0,GREEN,0
2026-04-23T23:05:31.596575+00:00,Llaima,1507-11-,0,0,GREEN,0
2026-04-23T23:05:31.596575+00:00,Sollipulli,1507-111,0,0,GREEN,0
2026-04-23T23:05:31.596575+00:00,Villarrica,1507-12-,0,0,GREEN,0
2026-04-23T23:05:31.596575+00:00,Quetrupillan,1507-121,0,0,GREEN,0
2026-04-23T23:05:31.596575+00:00,Lanin,1507-122,0,0,GREEN,0
2026-04-23T23:05:31.596575+00:00,Mocho-Choshuenco,1507-13-,0,0,GREEN,0
2026-04-23T23:05:31.596575+00:00,Carran - Los Venados,1507-14-,0,0,GREEN,0
2026-04-23T23:05:31.596575+00:00,Puyehue - Cordon Caulle,1507-15-,0,0,GREEN,0
2026-04-23T23:05:31.596575+00:00,Antillanca - Casablanca,1507-153,0,0,GREEN,0
2026-04-23T23:05:31.596575+00:00,Osorno,1508-01-,0,0,GREEN,0
2026-04-23T23:05:31.596575+00:00,Calbuco,1508-02-,0,0,GREEN,0
2026-04-23T23:05:31.596575+00:00,Yate,1508-022,0,0,GREEN,0
2026-04-23T23:05:31.596575+00:00,Hornopiren,1508-023,0,0,GREEN,0
2026-04-23T23:05:31.596575+00:00,Huequi,1508-03-,0,0,GREEN,0
2026-04-23T23:05:31.596575+00:00,Michinmahuida,1508-04-,0,0,GREEN,0
2026-04-23T23:05:31.596575+00:00,Chaiten,1508-041,0,0,GREEN,0
2026-04-23T23:05:31.596575+00:00,Corcovado,1508-05-,0,0,GREEN,0
2026-04-23T23:05:31.596575+00:00,Melimoyu,1508-052,0,0,GREEN,0
2026-04-23T23:05:31.596575+00:00,Mentolat,1508-054,0,0,GREEN,0
2026-04-23T23:05:31.596575+00:00,Cay,1508-055,0,0,GREEN,0
2026-04-23T23:05:31.596575+00:00,Maca,1508-056,0,0,GREEN,0
2026-04-23T23:05:31.596575+00:00,Hudson,1508-057,0,0,GREEN,0
2026-04-23T23:05:31.596575+00:00,Acatenango,1402-09-,0,885,GREEN,885
2026-04-23T23:05:31.596575+00:00,Fuego,1402-10-,2,823,YELLOW,827
2026-04-23T23:05:31.596575+00:00,Agua,1402-111,3,561,YELLOW,567
2026-04-23T23:59:39.066187+00:00,Taapaca,1505-011,0,2,GREEN,2
2026-04-23T23:59:39.066187+00:00,Parinacota,1505-012,0,2,GREEN,2
2026-04-23T23:59:39.066187+00:00,Guallatiri,1505-02-,0,2,GREEN,2
2026-04-23T23:59:39.066187+00:00,Isluga,1505-03-,0,0,GREEN,0
2026-04-23T23:59:39.066187+00:00,Irruputuncu,1505-04-,0,0,GREEN,0
2026-04-23T23:59:39.066187+00:00,Ollague,1505-06-,0,0,GREEN,0
2026-04-23T23:59:39.066187+00:00,San Pedro,1505-07-,0,0,GREEN,0
2026-04-23T23:59:39.066187+00:00,Lascar,1505-10-,0,0,GREEN,0
2026-04-23T23:59:39.066187+00:00,Tupungatito,1507-01-,0,0,GREEN,0
2026-04-23T23:59:39.066187+00:00,San Jose,1507-02-,0,0,GREEN,0
2026-04-23T23:59:39.066187+00:00,Tinguiririca,1507-03-,0,0,GREEN,0
2026-04-23T23:59:39.066187+00:00,Planchon-Peteroa,1507-04-,0,0,GREEN,0
2026-04-23T23:59:39.066187+00:00,Descabezado Grande,1507-05-,0,0,GREEN,0
2026-04-23T23:59:39.066187+00:00,Tatara-San Pedro,1507-062,0,0,GREEN,0
2026-04-23T23:59:39.066187+00:00,Laguna del Maule,1507-061,0,0,GREEN,0
2026-04-23T23:59:39.066187+00:00,Nevado de Longavi,1507-063,0,0,GREEN,0
2026-04-23T23:59:39.066187+00:00,Nevados de Chillan,1507-07-,0,0,GREEN,0
2026-04-23T23:59:39.066187+00:00,Antuco,1507-08-,0,0,GREEN,0
2026-04-23T23:59:39.066187+00:00,Copahue,1507-09-,0,0,GREEN,0
2026-04-23T23:59:39.066187+00:00,Callaqui,1507-091,0,0,GREEN,0
2026-04-23T23:59:39.066187+00:00,Lonquimay,1507-10-,0,0,GREEN,0
2026-04-23T23:59:39.066187+00:00,Llaima,1507-11-,0,0,GREEN,0
2026-04-23T23:59:39.066187+00:00,Sollipulli,1507-111,0,0,GREEN,0
2026-04-23T23:59:39.066187+00:00,Villarrica,1507-12-,0,0,GREEN,0
2026-04-23T23:59:39.066187+00:00,Quetrupillan,1507-121,0,0,GREEN,0
2026-04-23T23:59:39.066187+00:00,Lanin,1507-122,0,0,GREEN,0
2026-04-23T23:59:39.066187+00:00,Mocho-Choshuenco,1507-13-,0,0,GREEN,0
2026-04-23T23:59:39.066187+00:00,Carran - Los Venados,1507-14-,0,0,GREEN,0
2026-04-23T23:59:39.066187+00:00,Puyehue - Cordon Caulle,1507-15-,0,0,GREEN,0
2026-04-23T23:59:39.066187+00:00,Antillanca - Casablanca,1507-153,0,0,GREEN,0
2026-04-23T23:59:39.066187+00:00,Osorno,1508-01-,0,0,GREEN,0
2026-04-23T23:59:39.066187+00:00,Calbuco,1508-02-,0,0,GREEN,0
2026-04-23T23:59:39.066187+00:00,Yate,1508-022,0,0,GREEN,0
2026-04-23T23:59:39.066187+00:00,Hornopiren,1508-023,0,0,GREEN,0
2026-04-23T23:59:39.066187+00:00,Huequi,1508-03-,0,0,GREEN,0
2026-04-23T23:59:39.066187+00:00,Michinmahuida,1508-04-,0,0,GREEN,0
2026-04-23T23:59:39.066187+00:00,Chaiten,1508-041,0,0,GREEN,0
2026-04-23T23:59:39.066187+00:00,Corcovado,1508-05-,0,0,GREEN,0
2026-04-23T23:59:39.066187+00:00,Melimoyu,1508-052,0,0,GREEN,0
2026-04-23T23:59:39.066187+00:00,Mentolat,1508-054,0,0,GREEN,0
2026-04-23T23:59:39.066187+00:00,Cay,1508-055,0,0,GREEN,0
2026-04-23T23:59:39.066187+00:00,Maca,1508-056,0,0,GREEN,0
2026-04-23T23:59:39.066187+00:00,Hudson,1508-057,0,0,GREEN,0
2026-04-23T23:59:39.066187+00:00,Acatenango,1402-09-,0,926,GREEN,926
2026-04-23T23:59:39.066187+00:00,Fuego,1402-10-,2,938,YELLOW,942
2026-04-23T23:59:39.066187+00:00,Agua,1402-111,0,814,GREEN,814
2026-04-24T03:41:00.200904+00:00,Taapaca,1505-011,0,0,GREEN,0
2026-04-24T03:41:00.200904+00:00,Parinacota,1505-012,0,0,GREEN,0
2026-04-24T03:41:00.200904+00:00,Guallatiri,1505-02-,0,0,GREEN,0
2026-04-24T03:41:00.200904+00:00,Isluga,1505-03-,0,0,GREEN,0
2026-04-24T03:41:00.200904+00:00,Irruputuncu,1505-04-,0,0,GREEN,0
2026-04-24T03:41:00.200904+00:00,Ollague,1505-06-,0,0,GREEN,0
2026-04-24T03:41:00.200904+00:00,San Pedro,1505-07-,0,0,GREEN,0
2026-04-24T03:41:00.200904+00:00,Lascar,1505-10-,0,0,GREEN,0
2026-04-24T03:41:00.200904+00:00,Tupungatito,1507-01-,0,0,GREEN,0
2026-04-24T03:41:00.200904+00:00,San Jose,1507-02-,0,0,GREEN,0
2026-04-24T03:41:00.200904+00:00,Tinguiririca,1507-03-,0,0,GREEN,0
2026-04-24T03:41:00.200904+00:00,Planchon-Peteroa,1507-04-,0,0,GREEN,0
2026-04-24T03:41:00.200904+00:00,Descabezado Grande,1507-05-,0,0,GREEN,0
2026-04-24T03:41:00.200904+00:00,Tatara-San Pedro,1507-062,0,0,GREEN,0
2026-04-24T03:41:00.200904+00:00,Laguna del Maule,1507-061,0,0,GREEN,0
2026-04-24T03:41:00.200904+00:00,Nevado de Longavi,1507-063,0,0,GREEN,0
2026-04-24T03:41:00.200904+00:00,Nevados de Chillan,1507-07-,0,0,GREEN,0
2026-04-24T03:41:00.200904+00:00,Antuco,1507-08-,0,0,GREEN,0
2026-04-24T03:41:00.200904+00:00,Copahue,1507-09-,0,0,GREEN,0
2026-04-24T03:41:00.200904+00:00,Callaqui,1507-091,0,0,GREEN,0
2026-04-24T03:41:00.200904+00:00,Lonquimay,1507-10-,0,0,GREEN,0
2026-04-24T03:41:00.200904+00:00,Llaima,1507-11-,0,0,GREEN,0
2026-04-24T03:41:00.200904+00:00,Sollipulli,1507-111,0,0,GREEN,0
2026-04-24T03:41:00.200904+00:00,Villarrica,1507-12-,0,0,GREEN,0
2026-04-24T03:41:00.200904+00:00,Quetrupillan,1507-121,0,0,GREEN,0
2026-04-24T03:41:00.200904+00:00,Lanin,1507-122,0,0,GREEN,0
2026-04-24T03:41:00.200904+00:00,Mocho-Choshuenco,1507-13-,0,0,GREEN,0
2026-04-24T03:41:00.200904+00:00,Carran - Los Venados,1507-14-,0,0,GREEN,0
2026-04-24T03:41:00.200904+00:00,Puyehue - Cordon Caulle,1507-15-,0,0,GREEN,0
2026-04-24T03:41:00.200904+00:00,Antillanca - Casablanca,1507-153,0,0,GREEN,0
2026-04-24T03:41:00.200904+00:00,Osorno,1508-01-,0,0,GREEN,0
2026-04-24T03:41:00.200904+00:00,Calbuco,1508-02-,0,0,GREEN,0
2026-04-24T03:41:00.200904+00:00,Yate,1508-022,0,0,GREEN,0
2026-04-24T03:41:00.200904+00:00,Hornopiren,1508-023,0,0,GREEN,0
2026-04-24T03:41:00.200904+00:00,Huequi,1508-03-,0,0,GREEN,0
2026-04-24T03:41:00.200904+00:00,Michinmahuida,1508-04-,0,0,GREEN,0
2026-04-24T03:41:00.200904+00:00,Chaiten,1508-041,0,0,GREEN,0
2026-04-24T03:41:00.200904+00:00,Corcovado,1508-05-,0,0,GREEN,0
2026-04-24T03:41:00.200904+00:00,Melimoyu,1508-052,0,0,GREEN,0
2026-04-24T03:41:00.200904+00:00,Mentolat,1508-054,0,0,GREEN,0
2026-04-24T03:41:00.200904+00:00,Cay,1508-055,0,0,GREEN,0
2026-04-24T03:41:00.200904+00:00,Maca,1508-056,0,0,GREEN,0
2026-04-24T03:41:00.200904+00:00,Hudson,1508-057,0,0,GREEN,0
2026-04-24T03:41:00.200904+00:00,Acatenango,1402-09-,0,2,GREEN,2
2026-04-24T03:41:00.200904+00:00,Fuego,1402-10-,0,3,GREEN,3
2026-04-24T03:41:00.200904+00:00,Agua,1402-111,0,299,GREEN,299
2026-04-24T05:58:34.273103+00:00,Taapaca,1505-011,0,0,GREEN,0
2026-04-24T05:58:34.273103+00:00,Parinacota,1505-012,0,0,GREEN,0
2026-04-24T05:58:34.273103+00:00,Guallatiri,1505-02-,0,0,GREEN,0
2026-04-24T05:58:34.273103+00:00,Isluga,1505-03-,0,0,GREEN,0
2026-04-24T05:58:34.273103+00:00,Irruputuncu,1505-04-,0,0,GREEN,0
2026-04-24T05:58:34.273103+00:00,Ollague,1505-06-,0,0,GREEN,0
2026-04-24T05:58:34.273103+00:00,San Pedro,1505-07-,0,0,GREEN,0
2026-04-24T05:58:34.273103+00:00,Lascar,1505-10-,0,0,GREEN,0
2026-04-24T05:58:34.273103+00:00,Tupungatito,1507-01-,0,0,GREEN,0
2026-04-24T05:58:34.273103+00:00,San Jose,1507-02-,0,0,GREEN,0
2026-04-24T05:58:34.273103+00:00,Tinguiririca,1507-03-,0,0,GREEN,0
2026-04-24T05:58:34.273103+00:00,Planchon-Peteroa,1507-04-,0,0,GREEN,0
2026-04-24T05:58:34.273103+00:00,Descabezado Grande,1507-05-,0,0,GREEN,0
2026-04-24T05:58:34.273103+00:00,Tatara-San Pedro,1507-062,0,0,GREEN,0
2026-04-24T05:58:34.273103+00:00,Laguna del Maule,1507-061,0,0,GREEN,0
2026-04-24T05:58:34.273103+00:00,Nevado de Longavi,1507-063,0,0,GREEN,0
2026-04-24T05:58:34.273103+00:00,Nevados de Chillan,1507-07-,0,0,GREEN,0
2026-04-24T05:58:34.273103+00:00,Antuco,1507-08-,0,0,GREEN,0
2026-04-24T05:58:34.273103+00:00,Copahue,1507-09-,0,0,GREEN,0
2026-04-24T05:58:34.273103+00:00,Callaqui,1507-091,0,0,GREEN,0
2026-04-24T05:58:34.273103+00:00,Lonquimay,1507-10-,0,0,GREEN,0
2026-04-24T05:58:34.273103+00:00,Llaima,1507-11-,0,0,GREEN,0
2026-04-24T05:58:34.273103+00:00,Sollipulli,1507-111,0,0,GREEN,0
2026-04-24T05:58:34.273103+00:00,Villarrica,1507-12-,0,0,GREEN,0
2026-04-24T05:58:34.273103+00:00,Quetrupillan,1507-121,0,0,GREEN,0
2026-04-24T05:58:34.273103+00:00,Lanin,1507-122,0,0,GREEN,0
2026-04-24T05:58:34.273103+00:00,Mocho-Choshuenco,1507-13-,0,0,GREEN,0
2026-04-24T05:58:34.273103+00:00,Carran - Los Venados,1507-14-,0,0,GREEN,0
2026-04-24T05:58:34.273103+00:00,Puyehue - Cordon Caulle,1507-15-,0,0,GREEN,0
2026-04-24T05:58:34.273103+00:00,Antillanca - Casablanca,1507-153,0,0,GREEN,0
2026-04-24T05:58:34.273103+00:00,Osorno,1508-01-,0,0,GREEN,0
2026-04-24T05:58:34.273103+00:00,Calbuco,1508-02-,0,0,GREEN,0
2026-04-24T05:58:34.273103+00:00,Yate,1508-022,0,0,GREEN,0
2026-04-24T05:58:34.273103+00:00,Hornopiren,1508-023,0,0,GREEN,0
2026-04-24T05:58:34.273103+00:00,Huequi,1508-03-,0,0,GREEN,0
2026-04-24T05:58:34.273103+00:00,Michinmahuida,1508-04-,0,0,GREEN,0
2026-04-24T05:58:34.273103+00:00,Chaiten,1508-041,0,0,GREEN,0
2026-04-24T05:58:34.273103+00:00,Corcovado,1508-05-,0,0,GREEN,0
2026-04-24T05:58:34.273103+00:00,Melimoyu,1508-052,0,0,GREEN,0
2026-04-24T05:58:34.273103+00:00,Mentolat,1508-054,0,0,GREEN,0
2026-04-24T05:58:34.273103+00:00,Cay,1508-055,0,0,GREEN,0
2026-04-24T05:58:34.273103+00:00,Maca,1508-056,0,0,GREEN,0
2026-04-24T05:58:34.273103+00:00,Hudson,1508-057,0,0,GREEN,0
2026-04-24T05:58:34.273103+00:00,Acatenango,1402-09-,0,3,GREEN,3
2026-04-24T05:58:34.273103+00:00,Fuego,1402-10-,0,3,GREEN,3
2026-04-24T05:58:34.273103+00:00,Agua,1402-111,0,9,GREEN,9
2026-04-24T08:17:22.388793+00:00,Taapaca,1505-011,0,0,GREEN,0
2026-04-24T08:17:22.388793+00:00,Parinacota,1505-012,0,0,GREEN,0
2026-04-24T08:17:22.388793+00:00,Guallatiri,1505-02-,0,0,GREEN,0
2026-04-24T08:17:22.388793+00:00,Isluga,1505-03-,0,0,GREEN,0
2026-04-24T08:17:22.388793+00:00,Irruputuncu,1505-04-,0,0,GREEN,0
2026-04-24T08:17:22.388793+00:00,Ollague,1505-06-,0,0,GREEN,0
2026-04-24T08:17:22.388793+00:00,San Pedro,1505-07-,0,0,GREEN,0
2026-04-24T08:17:22.388793+00:00,Lascar,1505-10-,0,0,GREEN,0
2026-04-24T08:17:22.388793+00:00,Tupungatito,1507-01-,0,0,GREEN,0
2026-04-24T08:17:22.388793+00:00,San Jose,1507-02-,0,0,GREEN,0
2026-04-24T08:17:22.388793+00:00,Tinguiririca,1507-03-,0,0,GREEN,0
2026-04-24T08:17:22.388793+00:00,Planchon-Peteroa,1507-04-,0,0,GREEN,0
2026-04-24T08:17:22.388793+00:00,Descabezado Grande,1507-05-,0,0,GREEN,0
2026-04-24T08:17:22.388793+00:00,Tatara-San Pedro,1507-062,0,0,GREEN,0
2026-04-24T08:17:22.388793+00:00,Laguna del Maule,1507-061,0,0,GREEN,0
2026-04-24T08:17:22.388793+00:00,Nevado de Longavi,1507-063,0,0,GREEN,0
2026-04-24T08:17:22.388793+00:00,Nevados de Chillan,1507-07-,0,0,GREEN,0
2026-04-24T08:17:22.388793+00:00,Antuco,1507-08-,0,0,GREEN,0
2026-04-24T08:17:22.388793+00:00,Copahue,1507-09-,0,0,GREEN,0
2026-04-24T08:17:22.388793+00:00,Callaqui,1507-091,0,0,GREEN,0
2026-04-24T08:17:22.388793+00:00,Lonquimay,1507-10-,0,0,GREEN,0
2026-04-24T08:17:22.388793+00:00,Llaima,1507-11-,0,0,GREEN,0
2026-04-24T08:17:22.388793+00:00,Sollipulli,1507-111,0,0,GREEN,0
2026-04-24T08:17:22.388793+00:00,Villarrica,1507-12-,0,0,GREEN,0
2026-04-24T08:17:22.388793+00:00,Quetrupillan,1507-121,0,0,GREEN,0
2026-04-24T08:17:22.388793+00:00,Lanin,1507-122,0,0,GREEN,0
2026-04-24T08:17:22.388793+00:00,Mocho-Choshuenco,1507-13-,0,0,GREEN,0
2026-04-24T08:17:22.388793+00:00,Carran - Los Venados,1507-14-,0,0,GREEN,0
2026-04-24T08:17:22.388793+00:00,Puyehue - Cordon Caulle,1507-15-,0,0,GREEN,0
2026-04-24T08:17:22.388793+00:00,Antillanca - Casablanca,1507-153,0,0,GREEN,0
2026-04-24T08:17:22.388793+00:00,Osorno,1508-01-,0,0,GREEN,0
2026-04-24T08:17:22.388793+00:00,Calbuco,1508-02-,0,0,GREEN,0
2026-04-24T08:17:22.388793+00:00,Yate,1508-022,0,0,GREEN,0
2026-04-24T08:17:22.388793+00:00,Hornopiren,1508-023,0,0,GREEN,0
2026-04-24T08:17:22.388793+00:00,Huequi,1508-03-,0,0,GREEN,0
2026-04-24T08:17:22.388793+00:00,Michinmahuida,1508-04-,0,0,GREEN,0
2026-04-24T08:17:22.388793+00:00,Chaiten,1508-041,0,0,GREEN,0
2026-04-24T08:17:22.388793+00:00,Corcovado,1508-05-,0,0,GREEN,0
2026-04-24T08:17:22.388793+00:00,Melimoyu,1508-052,0,0,GREEN,0
2026-04-24T08:17:22.388793+00:00,Mentolat,1508-054,0,0,GREEN,0
2026-04-24T08:17:22.388793+00:00,Cay,1508-055,0,0,GREEN,0
2026-04-24T08:17:22.388793+00:00,Maca,1508-056,0,0,GREEN,0
2026-04-24T08:17:22.388793+00:00,Hudson,1508-057,0,0,GREEN,0
2026-04-24T08:17:22.388793+00:00,Acatenango,1402-09-,0,3,GREEN,3
2026-04-24T08:17:22.388793+00:00,Fuego,1402-10-,0,1,GREEN,1
2026-04-24T08:17:22.388793+00:00,Agua,1402-111,0,1,GREEN,1
2026-04-24T09:56:51.799933+00:00,Taapaca,1505-011,0,0,GREEN,0
2026-04-24T09:56:51.799933+00:00,Parinacota,1505-012,0,0,GREEN,0
2026-04-24T09:56:51.799933+00:00,Guallatiri,1505-02-,0,0,GREEN,0
2026-04-24T09:56:51.799933+00:00,Isluga,1505-03-,0,0,GREEN,0
2026-04-24T09:56:51.799933+00:00,Irruputuncu,1505-04-,0,0,GREEN,0
2026-04-24T09:56:51.799933+00:00,Ollague,1505-06-,0,0,GREEN,0
2026-04-24T09:56:51.799933+00:00,San Pedro,1505-07-,0,0,GREEN,0
2026-04-24T09:56:51.799933+00:00,Lascar,1505-10-,0,0,GREEN,0
2026-04-24T09:56:51.799933+00:00,Tupungatito,1507-01-,0,0,GREEN,0
2026-04-24T09:56:51.799933+00:00,San Jose,1507-02-,0,0,GREEN,0
2026-04-24T09:56:51.799933+00:00,Tinguiririca,1507-03-,0,0,GREEN,0
2026-04-24T09:56:51.799933+00:00,Planchon-Peteroa,1507-04-,0,0,GREEN,0
2026-04-24T09:56:51.799933+00:00,Descabezado Grande,1507-05-,0,0,GREEN,0
2026-04-24T09:56:51.799933+00:00,Tatara-San Pedro,1507-062,0,0,GREEN,0
2026-04-24T09:56:51.799933+00:00,Laguna del Maule,1507-061,0,0,GREEN,0
2026-04-24T09:56:51.799933+00:00,Nevado de Longavi,1507-063,0,0,GREEN,0
2026-04-24T09:56:51.799933+00:00,Nevados de Chillan,1507-07-,0,0,GREEN,0
2026-04-24T09:56:51.799933+00:00,Antuco,1507-08-,0,0,GREEN,0
2026-04-24T09:56:51.799933+00:00,Copahue,1507-09-,0,0,GREEN,0
2026-04-24T09:56:51.799933+00:00,Callaqui,1507-091,0,0,GREEN,0
2026-04-24T09:56:51.799933+00:00,Lonquimay,1507-10-,0,0,GREEN,0
2026-04-24T09:56:51.799933+00:00,Llaima,1507-11-,0,0,GREEN,0
2026-04-24T09:56:51.799933+00:00,Sollipulli,1507-111,0,0,GREEN,0
2026-04-24T09:56:51.799933+00:00,Villarrica,1507-12-,0,0,GREEN,0
2026-04-24T09:56:51.799933+00:00,Quetrupillan,1507-121,0,0,GREEN,0
2026-04-24T09:56:51.799933+00:00,Lanin,1507-122,0,0,GREEN,0
2026-04-24T09:56:51.799933+00:00,Mocho-Choshuenco,1507-13-,0,0,GREEN,0
2026-04-24T09:56:51.799933+00:00,Carran - Los Venados,1507-14-,0,0,GREEN,0
2026-04-24T09:56:51.799933+00:00,Puyehue - Cordon Caulle,1507-15-,0,0,GREEN,0
2026-04-24T09:56:51.799933+00:00,Antillanca - Casablanca,1507-153,0,0,GREEN,0
2026-04-24T09:56:51.799933+00:00,Osorno,1508-01-,0,0,GREEN,0
2026-04-24T09:56:51.799933+00:00,Calbuco,1508-02-,0,0,GREEN,0
2026-04-24T09:56:51.799933+00:00,Yate,1508-022,0,0,GREEN,0
2026-04-24T09:56:51.799933+00:00,Hornopiren,1508-023,0,0,GREEN,0
2026-04-24T09:56:51.799933+00:00,Huequi,1508-03-,0,0,GREEN,0
2026-04-24T09:56:51.799933+00:00,Michinmahuida,1508-04-,0,0,GREEN,0
2026-04-24T09:56:51.799933+00:00,Chaiten,1508-041,0,0,GREEN,0
2026-04-24T09:56:51.799933+00:00,Corcovado,1508-05-,0,0,GREEN,0
2026-04-24T09:56:51.799933+00:00,Melimoyu,1508-052,0,0,GREEN,0
2026-04-24T09:56:51.799933+00:00,Mentolat,1508-054,0,0,GREEN,0
2026-04-24T09:56:51.799933+00:00,Cay,1508-055,0,0,GREEN,0
2026-04-24T09:56:51.799933+00:00,Maca,1508-056,0,0,GREEN,0
2026-04-24T09:56:51.799933+00:00,Hudson,1508-057,0,0,GREEN,0
2026-04-24T09:56:51.799933+00:00,Acatenango,1402-09-,0,65,GREEN,65
2026-04-24T09:56:51.799933+00:00,Fuego,1402-10-,0,59,GREEN,59
2026-04-24T09:56:51.799933+00:00,Agua,1402-111,0,31,GREEN,31
2026-04-24T11:09:05.661333+00:00,Taapaca,1505-011,0,0,GREEN,0
2026-04-24T11:09:05.661333+00:00,Parinacota,1505-012,0,0,GREEN,0
2026-04-24T11:09:05.661333+00:00,Guallatiri,1505-02-,0,0,GREEN,0
2026-04-24T11:09:05.661333+00:00,Isluga,1505-03-,0,0,GREEN,0
2026-04-24T11:09:05.661333+00:00,Irruputuncu,1505-04-,0,0,GREEN,0
2026-04-24T11:09:05.661333+00:00,Ollague,1505-06-,0,0,GREEN,0
2026-04-24T11:09:05.661333+00:00,San Pedro,1505-07-,0,0,GREEN,0
2026-04-24T11:09:05.661333+00:00,Lascar,1505-10-,0,0,GREEN,0
2026-04-24T11:09:05.661333+00:00,Tupungatito,1507-01-,0,0,GREEN,0
2026-04-24T11:09:05.661333+00:00,San Jose,1507-02-,0,0,GREEN,0
2026-04-24T11:09:05.661333+00:00,Tinguiririca,1507-03-,0,0,GREEN,0
2026-04-24T11:09:05.661333+00:00,Planchon-Peteroa,1507-04-,0,0,GREEN,0
2026-04-24T11:09:05.661333+00:00,Descabezado Grande,1507-05-,0,0,GREEN,0
2026-04-24T11:09:05.661333+00:00,Tatara-San Pedro,1507-062,0,0,GREEN,0
2026-04-24T11:09:05.661333+00:00,Laguna del Maule,1507-061,0,0,GREEN,0
2026-04-24T11:09:05.661333+00:00,Nevado de Longavi,1507-063,0,0,GREEN,0
2026-04-24T11:09:05.661333+00:00,Nevados de Chillan,1507-07-,0,0,GREEN,0
2026-04-24T11:09:05.661333+00:00,Antuco,1507-08-,0,0,GREEN,0
2026-04-24T11:09:05.661333+00:00,Copahue,1507-09-,0,0,GREEN,0
2026-04-24T11:09:05.661333+00:00,Callaqui,1507-091,0,0,GREEN,0
2026-04-24T11:09:05.661333+00:00,Lonquimay,1507-10-,0,0,GREEN,0
2026-04-24T11:09:05.661333+00:00,Llaima,1507-11-,0,0,GREEN,0
2026-04-24T11:09:05.661333+00:00,Sollipulli,1507-111,0,0,GREEN,0
2026-04-24T11:09:05.661333+00:00,Villarrica,1507-12-,0,0,GREEN,0
2026-04-24T11:09:05.661333+00:00,Quetrupillan,1507-121,0,0,GREEN,0
2026-04-24T11:09:05.661333+00:00,Lanin,1507-122,0,0,GREEN,0
2026-04-24T11:09:05.661333+00:00,Mocho-Choshuenco,1507-13-,0,0,GREEN,0
2026-04-24T11:09:05.661333+00:00,Carran - Los Venados,1507-14-,0,0,GREEN,0
2026-04-24T11:09:05.661333+00:00,Puyehue - Cordon Caulle,1507-15-,0,0,GREEN,0
2026-04-24T11:09:05.661333+00:00,Antillanca - Casablanca,1507-153,0,0,GREEN,0
2026-04-24T11:09:05.661333+00:00,Osorno,1508-01-,0,0,GREEN,0
2026-04-24T11:09:05.661333+00:00,Calbuco,1508-02-,0,0,GREEN,0
2026-04-24T11:09:05.661333+00:00,Yate,1508-022,0,0,GREEN,0
2026-04-24T11:09:05.661333+00:00,Hornopiren,1508-023,0,0,GREEN,0
2026-04-24T11:09:05.661333+00:00,Huequi,1508-03-,0,0,GREEN,0
2026-04-24T11:09:05.661333+00:00,Michinmahuida,1508-04-,0,0,GREEN,0
2026-04-24T11:09:05.661333+00:00,Chaiten,1508-041,0,0,GREEN,0
2026-04-24T11:09:05.661333+00:00,Corcovado,1508-05-,0,0,GREEN,0
2026-04-24T11:09:05.661333+00:00,Melimoyu,1508-052,0,0,GREEN,0
2026-04-24T11:09:05.661333+00:00,Mentolat,1508-054,0,0,GREEN,0
2026-04-24T11:09:05.661333+00:00,Cay,1508-055,0,0,GREEN,0
2026-04-24T11:09:05.661333+00:00,Maca,1508-056,0,0,GREEN,0
2026-04-24T11:09:05.661333+00:00,Hudson,1508-057,0,0,GREEN,0
2026-04-24T11:09:05.661333+00:00,Acatenango,1402-09-,0,3,GREEN,3
2026-04-24T11:09:05.661333+00:00,Fuego,1402-10-,0,7,GREEN,7
2026-04-24T11:09:05.661333+00:00,Agua,1402-111,0,8,GREEN,8
2026-04-24T11:57:37.273527+00:00,Acatenango,1402-09-,0,1,GREEN,1
2026-04-24T11:57:37.273527+00:00,Fuego,1402-10-,0,3,GREEN,3
2026-04-24T11:57:37.273527+00:00,Agua,1402-111,0,3,GREEN,3
2026-04-24T11:57:37.273527+00:00,Taapaca,1505-011,0,0,GREEN,0
2026-04-24T11:57:37.273527+00:00,Parinacota,1505-012,0,0,GREEN,0
2026-04-24T11:57:37.273527+00:00,Guallatiri,1505-02-,0,0,GREEN,0
2026-04-24T11:57:37.273527+00:00,Isluga,1505-03-,0,0,GREEN,0
2026-04-24T11:57:37.273527+00:00,Irruputuncu,1505-04-,0,0,GREEN,0
2026-04-24T11:57:37.273527+00:00,Ollague,1505-06-,0,0,GREEN,0
2026-04-24T11:57:37.273527+00:00,San Pedro,1505-07-,0,0,GREEN,0
2026-04-24T11:57:37.273527+00:00,Lascar,1505-10-,0,0,GREEN,0
2026-04-24T11:57:37.273527+00:00,Tupungatito,1507-01-,0,0,GREEN,0
2026-04-24T11:57:37.273527+00:00,San Jose,1507-02-,0,0,GREEN,0
2026-04-24T11:57:37.273527+00:00,Tinguiririca,1507-03-,0,0,GREEN,0
2026-04-24T11:57:37.273527+00:00,Planchon-Peteroa,1507-04-,0,0,GREEN,0
2026-04-24T11:57:37.273527+00:00,Descabezado Grande,1507-05-,0,0,GREEN,0
2026-04-24T11:57:37.273527+00:00,Tatara-San Pedro,1507-062,0,0,GREEN,0
2026-04-24T11:57:37.273527+00:00,Laguna del Maule,1507-061,0,0,GREEN,0
2026-04-24T11:57:37.273527+00:00,Nevado de Longavi,1507-063,0,0,GREEN,0
2026-04-24T11:57:37.273527+00:00,Nevados de Chillan,1507-07-,0,0,GREEN,0
2026-04-24T11:57:37.273527+00:00,Antuco,1507-08-,0,0,GREEN,0
2026-04-24T11:57:37.273527+00:00,Copahue,1507-09-,0,0,GREEN,0
2026-04-24T11:57:37.273527+00:00,Callaqui,1507-091,0,0,GREEN,0
2026-04-24T11:57:37.273527+00:00,Lonquimay,1507-10-,0,0,GREEN,0
2026-04-24T11:57:37.273527+00:00,Llaima,1507-11-,0,0,GREEN,0
2026-04-24T11:57:37.273527+00:00,Sollipulli,1507-111,0,0,GREEN,0
2026-04-24T11:57:37.273527+00:00,Villarrica,1507-12-,0,0,GREEN,0
2026-04-24T11:57:37.273527+00:00,Quetrupillan,1507-121,0,0,GREEN,0
2026-04-24T11:57:37.273527+00:00,Lanin,1507-122,0,0,GREEN,0
2026-04-24T11:57:37.273527+00:00,Mocho-Choshuenco,1507-13-,0,0,GREEN,0
2026-04-24T11:57:37.273527+00:00,Carran - Los Venados,1507-14-,0,0,GREEN,0
2026-04-24T11:57:37.273527+00:00,Puyehue - Cordon Caulle,1507-15-,0,0,GREEN,0
2026-04-24T11:57:37.273527+00:00,Antillanca - Casablanca,1507-153,0,0,GREEN,0
2026-04-24T11:57:37.273527+00:00,Osorno,1508-01-,0,0,GREEN,0
2026-04-24T11:57:37.273527+00:00,Calbuco,1508-02-,0,0,GREEN,0
2026-04-24T11:57:37.273527+00:00,Yate,1508-022,0,0,GREEN,0
2026-04-24T11:57:37.273527+00:00,Hornopiren,1508-023,0,0,GREEN,0
2026-04-24T11:57:37.273527+00:00,Huequi,1508-03-,0,0,GREEN,0
2026-04-24T11:57:37.273527+00:00,Michinmahuida,1508-04-,0,0,GREEN,0
2026-04-24T11:57:37.273527+00:00,Chaiten,1508-041,0,0,GREEN,0
2026-04-24T11:57:37.273527+00:00,Corcovado,1508-05-,0,0,GREEN,0
2026-04-24T11:57:37.273527+00:00,Melimoyu,1508-052,0,0,GREEN,0
2026-04-24T11:57:37.273527+00:00,Mentolat,1508-054,0,0,GREEN,0
2026-04-24T11:57:37.273527+00:00,Cay,1508-055,0,0,GREEN,0
2026-04-24T11:57:37.273527+00:00,Maca,1508-056,0,0,GREEN,0
2026-04-24T11:57:37.273527+00:00,Hudson,1508-057,0,0,GREEN,0
2026-04-24T11:59:36.109774+00:00,Acatenango,1402-09-,0,0,GREEN,0
2026-04-24T11:59:36.109774+00:00,Fuego,1402-10-,0,3,GREEN,3
2026-04-24T11:59:36.109774+00:00,Agua,1402-111,0,3,GREEN,3
2026-04-24T11:59:36.109774+00:00,Taapaca,1505-011,0,0,GREEN,0
2026-04-24T11:59:36.109774+00:00,Parinacota,1505-012,0,0,GREEN,0
2026-04-24T11:59:36.109774+00:00,Guallatiri,1505-02-,0,0,GREEN,0
2026-04-24T11:59:36.109774+00:00,Isluga,1505-03-,0,0,GREEN,0
2026-04-24T11:59:36.109774+00:00,Irruputuncu,1505-04-,0,0,GREEN,0
2026-04-24T11:59:36.109774+00:00,Ollague,1505-06-,0,0,GREEN,0
2026-04-24T11:59:36.109774+00:00,San Pedro,1505-07-,0,0,GREEN,0
2026-04-24T11:59:36.109774+00:00,Lascar,1505-10-,0,0,GREEN,0
2026-04-24T11:59:36.109774+00:00,Tupungatito,1507-01-,0,0,GREEN,0
2026-04-24T11:59:36.109774+00:00,San Jose,1507-02-,0,0,GREEN,0
2026-04-24T11:59:36.109774+00:00,Tinguiririca,1507-03-,0,0,GREEN,0
2026-04-24T11:59:36.109774+00:00,Planchon-Peteroa,1507-04-,0,0,GREEN,0
2026-04-24T11:59:36.109774+00:00,Descabezado Grande,1507-05-,0,0,GREEN,0
2026-04-24T11:59:36.109774+00:00,Tatara-San Pedro,1507-062,0,0,GREEN,0
2026-04-24T11:59:36.109774+00:00,Laguna del Maule,1507-061,0,0,GREEN,0
2026-04-24T11:59:36.109774+00:00,Nevado de Longavi,1507-063,0,0,GREEN,0
2026-04-24T11:59:36.109774+00:00,Nevados de Chillan,1507-07-,0,0,GREEN,0
2026-04-24T11:59:36.109774+00:00,Antuco,1507-08-,0,0,GREEN,0
2026-04-24T11:59:36.109774+00:00,Copahue,1507-09-,0,0,GREEN,0
2026-04-24T11:59:36.109774+00:00,Callaqui,1507-091,0,0,GREEN,0
2026-04-24T11:59:36.109774+00:00,Lonquimay,1507-10-,0,0,GREEN,0
2026-04-24T11:59:36.109774+00:00,Llaima,1507-11-,0,0,GREEN,0
2026-04-24T11:59:36.109774+00:00,Sollipulli,1507-111,0,0,GREEN,0
2026-04-24T11:59:36.109774+00:00,Villarrica,1507-12-,0,0,GREEN,0
2026-04-24T11:59:36.109774+00:00,Quetrupillan,1507-121,0,0,GREEN,0
2026-04-24T11:59:36.109774+00:00,Lanin,1507-122,0,0,GREEN,0
2026-04-24T11:59:36.109774+00:00,Mocho-Choshuenco,1507-13-,0,0,GREEN,0
2026-04-24T11:59:36.109774+00:00,Carran - Los Venados,1507-14-,0,0,GREEN,0
2026-04-24T11:59:36.109774+00:00,Puyehue - Cordon Caulle,1507-15-,0,0,GREEN,0
2026-04-24T11:59:36.109774+00:00,Antillanca - Casablanca,1507-153,0,0,GREEN,0
2026-04-24T11:59:36.109774+00:00,Osorno,1508-01-,0,0,GREEN,0
2026-04-24T11:59:36.109774+00:00,Calbuco,1508-02-,0,0,GREEN,0
2026-04-24T11:59:36.109774+00:00,Yate,1508-022,0,0,GREEN,0
2026-04-24T11:59:36.109774+00:00,Hornopiren,1508-023,0,0,GREEN,0
2026-04-24T11:59:36.109774+00:00,Huequi,1508-03-,0,0,GREEN,0
2026-04-24T11:59:36.109774+00:00,Michinmahuida,1508-04-,0,0,GREEN,0
2026-04-24T11:59:36.109774+00:00,Chaiten,1508-041,0,0,GREEN,0
2026-04-24T11:59:36.109774+00:00,Corcovado,1508-05-,0,0,GREEN,0
2026-04-24T11:59:36.109774+00:00,Melimoyu,1508-052,0,0,GREEN,0
2026-04-24T11:59:36.109774+00:00,Mentolat,1508-054,0,0,GREEN,0
2026-04-24T11:59:36.109774+00:00,Cay,1508-055,0,0,GREEN,0
2026-04-24T11:59:36.109774+00:00,Maca,1508-056,0,0,GREEN,0
2026-04-24T11:59:36.109774+00:00,Hudson,1508-057,0,0,GREEN,0
2026-04-24T12:01:44.794414+00:00,Acatenango,1402-09-,0,0,GREEN,0
2026-04-24T12:01:44.794414+00:00,Fuego,1402-10-,0,3,GREEN,3
2026-04-24T12:01:44.794414+00:00,Agua,1402-111,0,3,GREEN,3
2026-04-24T12:01:44.794414+00:00,Taapaca,1505-011,0,0,GREEN,0
2026-04-24T12:01:44.794414+00:00,Parinacota,1505-012,0,0,GREEN,0
2026-04-24T12:01:44.794414+00:00,Guallatiri,1505-02-,0,0,GREEN,0
2026-04-24T12:01:44.794414+00:00,Isluga,1505-03-,0,0,GREEN,0
2026-04-24T12:01:44.794414+00:00,Irruputuncu,1505-04-,0,0,GREEN,0
2026-04-24T12:01:44.794414+00:00,Ollague,1505-06-,0,0,GREEN,0
2026-04-24T12:01:44.794414+00:00,San Pedro,1505-07-,0,0,GREEN,0
2026-04-24T12:01:44.794414+00:00,Lascar,1505-10-,0,0,GREEN,0
2026-04-24T12:01:44.794414+00:00,Tupungatito,1507-01-,0,0,GREEN,0
2026-04-24T12:01:44.794414+00:00,San Jose,1507-02-,0,0,GREEN,0
2026-04-24T12:01:44.794414+00:00,Tinguiririca,1507-03-,0,0,GREEN,0
2026-04-24T12:01:44.794414+00:00,Planchon-Peteroa,1507-04-,0,0,GREEN,0
2026-04-24T12:01:44.794414+00:00,Descabezado Grande,1507-05-,0,0,GREEN,0
2026-04-24T12:01:44.794414+00:00,Tatara-San Pedro,1507-062,0,0,GREEN,0
2026-04-24T12:01:44.794414+00:00,Laguna del Maule,1507-061,0,0,GREEN,0
2026-04-24T12:01:44.794414+00:00,Nevado de Longavi,1507-063,0,0,GREEN,0
2026-04-24T12:01:44.794414+00:00,Nevados de Chillan,1507-07-,0,0,GREEN,0
2026-04-24T12:01:44.794414+00:00,Antuco,1507-08-,0,0,GREEN,0
2026-04-24T12:01:44.794414+00:00,Copahue,1507-09-,0,0,GREEN,0
2026-04-24T12:01:44.794414+00:00,Callaqui,1507-091,0,0,GREEN,0
2026-04-24T12:01:44.794414+00:00,Lonquimay,1507-10-,0,0,GREEN,0
2026-04-24T12:01:44.794414+00:00,Llaima,1507-11-,0,0,GREEN,0
2026-04-24T12:01:44.794414+00:00,Sollipulli,1507-111,0,0,GREEN,0
2026-04-24T12:01:44.794414+00:00,Villarrica,1507-12-,0,0,GREEN,0
2026-04-24T12:01:44.794414+00:00,Quetrupillan,1507-121,0,0,GREEN,0
2026-04-24T12:01:44.794414+00:00,Lanin,1507-122,0,0,GREEN,0
2026-04-24T12:01:44.794414+00:00,Mocho-Choshuenco,1507-13-,0,0,GREEN,0
2026-04-24T12:01:44.794414+00:00,Carran - Los Venados,1507-14-,0,0,GREEN,0
2026-04-24T12:01:44.794414+00:00,Puyehue - Cordon Caulle,1507-15-,0,0,GREEN,0
2026-04-24T12:01:44.794414+00:00,Antillanca - Casablanca,1507-153,0,0,GREEN,0
2026-04-24T12:01:44.794414+00:00,Osorno,1508-01-,0,0,GREEN,0
2026-04-24T12:01:44.794414+00:00,Calbuco,1508-02-,0,0,GREEN,0
2026-04-24T12:01:44.794414+00:00,Yate,1508-022,0,0,GREEN,0
2026-04-24T12:01:44.794414+00:00,Hornopiren,1508-023,0,0,GREEN,0
2026-04-24T12:01:44.794414+00:00,Huequi,1508-03-,0,0,GREEN,0
2026-04-24T12:01:44.794414+00:00,Michinmahuida,1508-04-,0,0,GREEN,0
2026-04-24T12:01:44.794414+00:00,Chaiten,1508-041,0,0,GREEN,0
2026-04-24T12:01:44.794414+00:00,Corcovado,1508-05-,0,0,GREEN,0
2026-04-24T12:01:44.794414+00:00,Melimoyu,1508-052,0,0,GREEN,0
2026-04-24T12:01:44.794414+00:00,Mentolat,1508-054,0,0,GREEN,0
2026-04-24T12:01:44.794414+00:00,Cay,1508-055,0,0,GREEN,0
2026-04-24T12:01:44.794414+00:00,Maca,1508-056,0,0,GREEN,0
2026-04-24T12:01:44.794414+00:00,Hudson,1508-057,0,0,GREEN,0
2026-04-24T12:06:04.511609+00:00,Acatenango,1402-09-,0,0,GREEN,0
2026-04-24T12:06:04.511609+00:00,Fuego,1402-10-,0,1,GREEN,1
2026-04-24T12:06:04.511609+00:00,Agua,1402-111,0,1,GREEN,1
2026-04-24T12:06:04.511609+00:00,Taapaca,1505-011,0,0,GREEN,0
2026-04-24T12:06:04.511609+00:00,Parinacota,1505-012,0,0,GREEN,0
2026-04-24T12:06:04.511609+00:00,Guallatiri,1505-02-,0,0,GREEN,0
2026-04-24T12:06:04.511609+00:00,Isluga,1505-03-,0,0,GREEN,0
2026-04-24T12:06:04.511609+00:00,Irruputuncu,1505-04-,0,0,GREEN,0
2026-04-24T12:06:04.511609+00:00,Ollague,1505-06-,0,0,GREEN,0
2026-04-24T12:06:04.511609+00:00,San Pedro,1505-07-,0,0,GREEN,0
2026-04-24T12:06:04.511609+00:00,Lascar,1505-10-,0,0,GREEN,0
2026-04-24T12:06:04.511609+00:00,Tupungatito,1507-01-,0,0,GREEN,0
2026-04-24T12:06:04.511609+00:00,San Jose,1507-02-,0,0,GREEN,0
2026-04-24T12:06:04.511609+00:00,Tinguiririca,1507-03-,0,0,GREEN,0
2026-04-24T12:06:04.511609+00:00,Planchon-Peteroa,1507-04-,0,0,GREEN,0
2026-04-24T12:06:04.511609+00:00,Descabezado Grande,1507-05-,0,0,GREEN,0
2026-04-24T12:06:04.511609+00:00,Tatara-San Pedro,1507-062,0,0,GREEN,0
2026-04-24T12:06:04.511609+00:00,Laguna del Maule,1507-061,0,0,GREEN,0
2026-04-24T12:06:04.511609+00:00,Nevado de Longavi,1507-063,0,0,GREEN,0
2026-04-24T12:06:04.511609+00:00,Nevados de Chillan,1507-07-,0,0,GREEN,0
2026-04-24T12:06:04.511609+00:00,Antuco,1507-08-,0,0,GREEN,0
2026-04-24T12:06:04.511609+00:00,Copahue,1507-09-,0,0,GREEN,0
2026-04-24T12:06:04.511609+00:00,Callaqui,1507-091,0,0,GREEN,0
2026-04-24T12:06:04.511609+00:00,Lonquimay,1507-10-,0,0,GREEN,0
2026-04-24T12:06:04.511609+00:00,Llaima,1507-11-,0,0,GREEN,0
2026-04-24T12:06:04.511609+00:00,Sollipulli,1507-111,0,0,GREEN,0
2026-04-24T12:06:04.511609+00:00,Villarrica,1507-12-,0,0,GREEN,0
2026-04-24T12:06:04.511609+00:00,Quetrupillan,1507-121,0,0,GREEN,0
2026-04-24T12:06:04.511609+00:00,Lanin,1507-122,0,0,GREEN,0
2026-04-24T12:06:04.511609+00:00,Mocho-Choshuenco,1507-13-,0,0,GREEN,0
2026-04-24T12:06:04.511609+00:00,Carran - Los Venados,1507-14-,0,0,GREEN,0
2026-04-24T12:06:04.511609+00:00,Puyehue - Cordon Caulle,1507-15-,0,0,GREEN,0
2026-04-24T12:06:04.511609+00:00,Antillanca - Casablanca,1507-153,0,0,GREEN,0
2026-04-24T12:06:04.511609+00:00,Osorno,1508-01-,0,0,GREEN,0
2026-04-24T12:06:04.511609+00:00,Calbuco,1508-02-,0,0,GREEN,0
2026-04-24T12:06:04.511609+00:00,Yate,1508-022,0,0,GREEN,0
2026-04-24T12:06:04.511609+00:00,Hornopiren,1508-023,0,0,GREEN,0
2026-04-24T12:06:04.511609+00:00,Huequi,1508-03-,0,0,GREEN,0
2026-04-24T12:06:04.511609+00:00,Michinmahuida,1508-04-,0,0,GREEN,0
2026-04-24T12:06:04.511609+00:00,Chaiten,1508-041,0,0,GREEN,0
2026-04-24T12:06:04.511609+00:00,Corcovado,1508-05-,0,0,GREEN,0
2026-04-24T12:06:04.511609+00:00,Melimoyu,1508-052,0,0,GREEN,0
2026-04-24T12:06:04.511609+00:00,Mentolat,1508-054,0,0,GREEN,0
2026-04-24T12:06:04.511609+00:00,Cay,1508-055,0,0,GREEN,0
2026-04-24T12:06:04.511609+00:00,Maca,1508-056,0,0,GREEN,0
2026-04-24T12:06:04.511609+00:00,Hudson,1508-057,0,0,GREEN,0
2026-04-24T13:11:25.238411+00:00,Acatenango,1402-09-,0,0,GREEN,0
2026-04-24T13:11:25.238411+00:00,Fuego,1402-10-,0,0,GREEN,0
2026-04-24T13:11:25.238411+00:00,Agua,1402-111,0,0,GREEN,0
2026-04-24T13:11:25.238411+00:00,Taapaca,1505-011,0,0,GREEN,0
2026-04-24T13:11:25.238411+00:00,Parinacota,1505-012,0,0,GREEN,0
2026-04-24T13:11:25.238411+00:00,Guallatiri,1505-02-,0,0,GREEN,0
2026-04-24T13:11:25.238411+00:00,Isluga,1505-03-,0,0,GREEN,0
2026-04-24T13:11:25.238411+00:00,Irruputuncu,1505-04-,0,0,GREEN,0
2026-04-24T13:11:25.238411+00:00,Ollague,1505-06-,0,0,GREEN,0
2026-04-24T13:11:25.238411+00:00,San Pedro,1505-07-,0,0,GREEN,0
2026-04-24T13:11:25.238411+00:00,Lascar,1505-10-,0,0,GREEN,0
2026-04-24T13:11:25.238411+00:00,Tupungatito,1507-01-,0,0,GREEN,0
2026-04-24T13:11:25.238411+00:00,San Jose,1507-02-,0,0,GREEN,0
2026-04-24T13:11:25.238411+00:00,Tinguiririca,1507-03-,0,0,GREEN,0
2026-04-24T13:11:25.238411+00:00,Planchon-Peteroa,1507-04-,0,0,GREEN,0
2026-04-24T13:11:25.238411+00:00,Descabezado Grande,1507-05-,0,0,GREEN,0
2026-04-24T13:11:25.238411+00:00,Tatara-San Pedro,1507-062,0,0,GREEN,0
2026-04-24T13:11:25.238411+00:00,Laguna del Maule,1507-061,0,0,GREEN,0
2026-04-24T13:11:25.238411+00:00,Nevado de Longavi,1507-063,0,0,GREEN,0
2026-04-24T13:11:25.238411+00:00,Nevados de Chillan,1507-07-,0,0,GREEN,0
2026-04-24T13:11:25.238411+00:00,Antuco,1507-08-,0,0,GREEN,0
2026-04-24T13:11:25.238411+00:00,Copahue,1507-09-,0,0,GREEN,0
2026-04-24T13:11:25.238411+00:00,Callaqui,1507-091,0,0,GREEN,0
2026-04-24T13:11:25.238411+00:00,Lonquimay,1507-10-,0,0,GREEN,0
2026-04-24T13:11:25.238411+00:00,Llaima,1507-11-,0,0,GREEN,0
2026-04-24T13:11:25.238411+00:00,Sollipulli,1507-111,0,0,GREEN,0
2026-04-24T13:11:25.238411+00:00,Villarrica,1507-12-,0,0,GREEN,0
2026-04-24T13:11:25.238411+00:00,Quetrupillan,1507-121,0,0,GREEN,0
2026-04-24T13:11:25.238411+00:00,Lanin,1507-122,0,0,GREEN,0
2026-04-24T13:11:25.238411+00:00,Mocho-Choshuenco,1507-13-,0,0,GREEN,0
2026-04-24T13:11:25.238411+00:00,Carran - Los Venados,1507-14-,0,0,GREEN,0
2026-04-24T13:11:25.238411+00:00,Puyehue - Cordon Caulle,1507-15-,0,0,GREEN,0
2026-04-24T13:11:25.238411+00:00,Antillanca - Casablanca,1507-153,0,0,GREEN,0
2026-04-24T13:11:25.238411+00:00,Osorno,1508-01-,0,0,GREEN,0
2026-04-24T13:11:25.238411+00:00,Calbuco,1508-02-,0,0,GREEN,0
2026-04-24T13:11:25.238411+00:00,Yate,1508-022,0,0,GREEN,0
2026-04-24T13:11:25.238411+00:00,Hornopiren,1508-023,0,0,GREEN,0
2026-04-24T13:11:25.238411+00:00,Huequi,1508-03-,0,0,GREEN,0
2026-04-24T13:11:25.238411+00:00,Michinmahuida,1508-04-,0,0,GREEN,0
2026-04-24T13:11:25.238411+00:00,Chaiten,1508-041,0,0,GREEN,0
2026-04-24T13:11:25.238411+00:00,Corcovado,1508-05-,0,0,GREEN,0
2026-04-24T13:11:25.238411+00:00,Melimoyu,1508-052,0,0,GREEN,0
2026-04-24T13:11:25.238411+00:00,Mentolat,1508-054,0,0,GREEN,0
2026-04-24T13:11:25.238411+00:00,Cay,1508-055,0,0,GREEN,0
2026-04-24T13:11:25.238411+00:00,Maca,1508-056,0,0,GREEN,0
2026-04-24T13:11:25.238411+00:00,Hudson,1508-057,0,0,GREEN,0
2026-04-24T13:11:25.238411+00:00,Wai Sano (IDN),0604-06-,139,234,YELLOW,512
2026-04-24T13:11:25.238411+00:00,Ranakah (IDN),0604-071,25,433,YELLOW,483
2026-04-24T13:11:25.238411+00:00,Ambrym (VUT),0507-04-,2,70,YELLOW,74
2026-04-24T13:11:25.238411+00:00,Jingbo (CHN),1005-04-,11,47,YELLOW,69
2026-04-24T13:11:25.238411+00:00,Kishb Harrat (SAU),0301-071,2,270,YELLOW,274
2026-04-24T14:04:11.571079+00:00,Acatenango,1402-09-,0,0,GREEN,0
2026-04-24T14:04:11.571079+00:00,Fuego,1402-10-,0,0,GREEN,0
2026-04-24T14:04:11.571079+00:00,Agua,1402-111,0,0,GREEN,0
2026-04-24T14:04:11.571079+00:00,Taapaca,1505-011,0,0,GREEN,0
2026-04-24T14:04:11.571079+00:00,Parinacota,1505-012,0,0,GREEN,0
2026-04-24T14:04:11.571079+00:00,Guallatiri,1505-02-,0,0,GREEN,0
2026-04-24T14:04:11.571079+00:00,Isluga,1505-03-,0,0,GREEN,0
2026-04-24T14:04:11.571079+00:00,Irruputuncu,1505-04-,0,0,GREEN,0
2026-04-24T14:04:11.571079+00:00,Ollague,1505-06-,0,0,GREEN,0
2026-04-24T14:04:11.571079+00:00,San Pedro,1505-07-,0,0,GREEN,0
2026-04-24T14:04:11.571079+00:00,Lascar,1505-10-,0,0,GREEN,0
2026-04-24T14:04:11.571079+00:00,Tupungatito,1507-01-,0,0,GREEN,0
2026-04-24T14:04:11.571079+00:00,San Jose,1507-02-,0,0,GREEN,0
2026-04-24T14:04:11.571079+00:00,Tinguiririca,1507-03-,0,0,GREEN,0
2026-04-24T14:04:11.571079+00:00,Planchon-Peteroa,1507-04-,0,0,GREEN,0
2026-04-24T14:04:11.571079+00:00,Descabezado Grande,1507-05-,0,0,GREEN,0
2026-04-24T14:04:11.571079+00:00,Tatara-San Pedro,1507-062,0,0,GREEN,0
2026-04-24T14:04:11.571079+00:00,Laguna del Maule,1507-061,0,0,GREEN,0
2026-04-24T14:04:11.571079+00:00,Nevado de Longavi,1507-063,0,0,GREEN,0
2026-04-24T14:04:11.571079+00:00,Nevados de Chillan,1507-07-,0,0,GREEN,0
2026-04-24T14:04:11.571079+00:00,Antuco,1507-08-,0,0,GREEN,0
2026-04-24T14:04:11.571079+00:00,Copahue,1507-09-,0,0,GREEN,0
2026-04-24T14:04:11.571079+00:00,Callaqui,1507-091,0,0,GREEN,0
2026-04-24T14:04:11.571079+00:00,Lonquimay,1507-10-,0,0,GREEN,0
2026-04-24T14:04:11.571079+00:00,Llaima,1507-11-,0,0,GREEN,0
2026-04-24T14:04:11.571079+00:00,Sollipulli,1507-111,0,0,GREEN,0
2026-04-24T14:04:11.571079+00:00,Villarrica,1507-12-,0,0,GREEN,0
2026-04-24T14:04:11.571079+00:00,Quetrupillan,1507-121,0,0,GREEN,0
2026-04-24T14:04:11.571079+00:00,Lanin,1507-122,0,0,GREEN,0
2026-04-24T14:04:11.571079+00:00,Mocho-Choshuenco,1507-13-,0,0,GREEN,0
2026-04-24T14:04:11.571079+00:00,Carran - Los Venados,1507-14-,0,0,GREEN,0
2026-04-24T14:04:11.571079+00:00,Puyehue - Cordon Caulle,1507-15-,0,0,GREEN,0
2026-04-24T14:04:11.571079+00:00,Antillanca - Casablanca,1507-153,0,0,GREEN,0
2026-04-24T14:04:11.571079+00:00,Osorno,1508-01-,0,0,GREEN,0
2026-04-24T14:04:11.571079+00:00,Calbuco,1508-02-,0,0,GREEN,0
2026-04-24T14:04:11.571079+00:00,Yate,1508-022,0,0,GREEN,0
2026-04-24T14:04:11.571079+00:00,Hornopiren,1508-023,0,0,GREEN,0
2026-04-24T14:04:11.571079+00:00,Huequi,1508-03-,0,0,GREEN,0
2026-04-24T14:04:11.571079+00:00,Michinmahuida,1508-04-,0,0,GREEN,0
2026-04-24T14:04:11.571079+00:00,Chaiten,1508-041,0,0,GREEN,0
2026-04-24T14:04:11.571079+00:00,Corcovado,1508-05-,0,0,GREEN,0
2026-04-24T14:04:11.571079+00:00,Melimoyu,1508-052,0,0,GREEN,0
2026-04-24T14:04:11.571079+00:00,Mentolat,1508-054,0,0,GREEN,0
2026-04-24T14:04:11.571079+00:00,Cay,1508-055,0,0,GREEN,0
2026-04-24T14:04:11.571079+00:00,Maca,1508-056,0,0,GREEN,0
2026-04-24T14:04:11.571079+00:00,Hudson,1508-057,0,0,GREEN,0
2026-04-24T14:04:11.571079+00:00,Wai Sano (IDN),0604-06-,109,295,YELLOW,502
2026-04-24T14:04:11.571079+00:00,Ranakah (IDN),0604-071,2,505,YELLOW,498
2026-04-24T14:04:11.571079+00:00,Ambrym (VUT),0507-04-,0,59,GREEN,63
2026-04-24T14:04:11.571079+00:00,Jingbo (CHN),1005-04-,6,55,YELLOW,65
2026-04-24T14:04:11.571079+00:00,Kishb Harrat (SAU),0301-071,0,241,GREEN,242
2026-04-24T14:17:32.986638+00:00,Acatenango,1402-09-,0,0,GREEN,0
2026-04-24T14:17:32.986638+00:00,Fuego,1402-10-,0,0,GREEN,0
2026-04-24T14:17:32.986638+00:00,Agua,1402-111,0,0,GREEN,0
2026-04-24T14:17:32.986638+00:00,Taapaca,1505-011,0,0,GREEN,0
2026-04-24T14:17:32.986638+00:00,Parinacota,1505-012,0,0,GREEN,0
2026-04-24T14:17:32.986638+00:00,Guallatiri,1505-02-,0,0,GREEN,0
2026-04-24T14:17:32.986638+00:00,Isluga,1505-03-,0,0,GREEN,0
2026-04-24T14:17:32.986638+00:00,Irruputuncu,1505-04-,0,0,GREEN,0
2026-04-24T14:17:32.986638+00:00,Ollague,1505-06-,0,0,GREEN,0
2026-04-24T14:17:32.986638+00:00,San Pedro,1505-07-,0,0,GREEN,0
2026-04-24T14:17:32.986638+00:00,Lascar,1505-10-,0,0,GREEN,0
2026-04-24T14:17:32.986638+00:00,Tupungatito,1507-01-,0,0,GREEN,0
2026-04-24T14:17:32.986638+00:00,San Jose,1507-02-,0,0,GREEN,0
2026-04-24T14:17:32.986638+00:00,Tinguiririca,1507-03-,0,0,GREEN,0
2026-04-24T14:17:32.986638+00:00,Planchon-Peteroa,1507-04-,0,0,GREEN,0
2026-04-24T14:17:32.986638+00:00,Descabezado Grande,1507-05-,0,0,GREEN,0
2026-04-24T14:17:32.986638+00:00,Tatara-San Pedro,1507-062,0,0,GREEN,0
2026-04-24T14:17:32.986638+00:00,Laguna del Maule,1507-061,0,0,GREEN,0
2026-04-24T14:17:32.986638+00:00,Nevado de Longavi,1507-063,0,0,GREEN,0
2026-04-24T14:17:32.986638+00:00,Nevados de Chillan,1507-07-,0,0,GREEN,0
2026-04-24T14:17:32.986638+00:00,Antuco,1507-08-,0,0,GREEN,0
2026-04-24T14:17:32.986638+00:00,Copahue,1507-09-,0,0,GREEN,0
2026-04-24T14:17:32.986638+00:00,Callaqui,1507-091,0,0,GREEN,0
2026-04-24T14:17:32.986638+00:00,Lonquimay,1507-10-,0,0,GREEN,0
2026-04-24T14:17:32.986638+00:00,Llaima,1507-11-,0,0,GREEN,0
2026-04-24T14:17:32.986638+00:00,Sollipulli,1507-111,0,0,GREEN,0
2026-04-24T14:17:32.986638+00:00,Villarrica,1507-12-,0,0,GREEN,0
2026-04-24T14:17:32.986638+00:00,Quetrupillan,1507-121,0,0,GREEN,0
2026-04-24T14:17:32.986638+00:00,Lanin,1507-122,0,0,GREEN,0
2026-04-24T14:17:32.986638+00:00,Mocho-Choshuenco,1507-13-,0,0,GREEN,0
2026-04-24T14:17:32.986638+00:00,Carran - Los Venados,1507-14-,0,0,GREEN,0
2026-04-24T14:17:32.986638+00:00,Puyehue - Cordon Caulle,1507-15-,0,0,GREEN,0
2026-04-24T14:17:32.986638+00:00,Antillanca - Casablanca,1507-153,0,0,GREEN,0
2026-04-24T14:17:32.986638+00:00,Osorno,1508-01-,0,0,GREEN,0
2026-04-24T14:17:32.986638+00:00,Calbuco,1508-02-,0,0,GREEN,0
2026-04-24T14:17:32.986638+00:00,Yate,1508-022,0,0,GREEN,0
2026-04-24T14:17:32.986638+00:00,Hornopiren,1508-023,0,0,GREEN,0
2026-04-24T14:17:32.986638+00:00,Huequi,1508-03-,0,0,GREEN,0
2026-04-24T14:17:32.986638+00:00,Michinmahuida,1508-04-,0,0,GREEN,0
2026-04-24T14:17:32.986638+00:00,Chaiten,1508-041,0,0,GREEN,0
2026-04-24T14:17:32.986638+00:00,Corcovado,1508-05-,0,0,GREEN,0
2026-04-24T14:17:32.986638+00:00,Melimoyu,1508-052,0,0,GREEN,0
2026-04-24T14:17:32.986638+00:00,Mentolat,1508-054,0,0,GREEN,0
2026-04-24T14:17:32.986638+00:00,Cay,1508-055,0,0,GREEN,0
2026-04-24T14:17:32.986638+00:00,Maca,1508-056,0,0,GREEN,0
2026-04-24T14:17:32.986638+00:00,Hudson,1508-057,0,0,GREEN,0
2026-04-24T14:17:32.986638+00:00,Wai Sano (IDN),0604-06-,91,267,YELLOW,449
2026-04-24T14:17:32.986638+00:00,Ranakah (IDN),0604-071,1,447,YELLOW,449
2026-04-24T14:17:32.986638+00:00,Ambrym (VUT),0507-04-,1,61,YELLOW,63
2026-04-24T14:17:32.986638+00:00,Jingbo (CHN),1005-04-,0,40,GREEN,40
2026-04-24T14:17:32.986638+00:00,Kishb Harrat (SAU),0301-071,0,240,GREEN,240
2026-04-24T14:20:23.852186+00:00,Acatenango,1402-09-,0,0,GREEN,0
2026-04-24T14:20:23.852186+00:00,Fuego,1402-10-,0,0,GREEN,0
2026-04-24T14:20:23.852186+00:00,Agua,1402-111,0,0,GREEN,0
2026-04-24T14:20:23.852186+00:00,Taapaca,1505-011,0,0,GREEN,0
2026-04-24T14:20:23.852186+00:00,Parinacota,1505-012,0,0,GREEN,0
2026-04-24T14:20:23.852186+00:00,Guallatiri,1505-02-,0,0,GREEN,0
2026-04-24T14:20:23.852186+00:00,Isluga,1505-03-,0,0,GREEN,0
2026-04-24T14:20:23.852186+00:00,Irruputuncu,1505-04-,0,0,GREEN,0
2026-04-24T14:20:23.852186+00:00,Ollague,1505-06-,0,0,GREEN,0
2026-04-24T14:20:23.852186+00:00,San Pedro,1505-07-,0,0,GREEN,0
2026-04-24T14:20:23.852186+00:00,Lascar,1505-10-,0,0,GREEN,0
2026-04-24T14:20:23.852186+00:00,Tupungatito,1507-01-,0,0,GREEN,0
2026-04-24T14:20:23.852186+00:00,San Jose,1507-02-,0,0,GREEN,0
2026-04-24T14:20:23.852186+00:00,Tinguiririca,1507-03-,0,0,GREEN,0
2026-04-24T14:20:23.852186+00:00,Planchon-Peteroa,1507-04-,0,0,GREEN,0
2026-04-24T14:20:23.852186+00:00,Descabezado Grande,1507-05-,0,0,GREEN,0
2026-04-24T14:20:23.852186+00:00,Tatara-San Pedro,1507-062,0,0,GREEN,0
2026-04-24T14:20:23.852186+00:00,Laguna del Maule,1507-061,0,0,GREEN,0
2026-04-24T14:20:23.852186+00:00,Nevado de Longavi,1507-063,0,0,GREEN,0
2026-04-24T14:20:23.852186+00:00,Nevados de Chillan,1507-07-,0,0,GREEN,0
2026-04-24T14:20:23.852186+00:00,Antuco,1507-08-,0,0,GREEN,0
2026-04-24T14:20:23.852186+00:00,Copahue,1507-09-,0,0,GREEN,0
2026-04-24T14:20:23.852186+00:00,Callaqui,1507-091,0,0,GREEN,0
2026-04-24T14:20:23.852186+00:00,Lonquimay,1507-10-,0,0,GREEN,0
2026-04-24T14:20:23.852186+00:00,Llaima,1507-11-,0,0,GREEN,0
2026-04-24T14:20:23.852186+00:00,Sollipulli,1507-111,0,0,GREEN,0
2026-04-24T14:20:23.852186+00:00,Villarrica,1507-12-,0,0,GREEN,0
2026-04-24T14:20:23.852186+00:00,Quetrupillan,1507-121,0,0,GREEN,0
2026-04-24T14:20:23.852186+00:00,Lanin,1507-122,0,0,GREEN,0
2026-04-24T14:20:23.852186+00:00,Mocho-Choshuenco,1507-13-,0,0,GREEN,0
2026-04-24T14:20:23.852186+00:00,Carran - Los Venados,1507-14-,0,0,GREEN,0
2026-04-24T14:20:23.852186+00:00,Puyehue - Cordon Caulle,1507-15-,0,0,GREEN,0
2026-04-24T14:20:23.852186+00:00,Antillanca - Casablanca,1507-153,0,0,GREEN,0
2026-04-24T14:20:23.852186+00:00,Osorno,1508-01-,0,0,GREEN,0
2026-04-24T14:20:23.852186+00:00,Calbuco,1508-02-,0,0,GREEN,0
2026-04-24T14:20:23.852186+00:00,Yate,1508-022,0,0,GREEN,0
2026-04-24T14:20:23.852186+00:00,Hornopiren,1508-023,0,0,GREEN,0
2026-04-24T14:20:23.852186+00:00,Huequi,1508-03-,0,0,GREEN,0
2026-04-24T14:20:23.852186+00:00,Michinmahuida,1508-04-,0,0,GREEN,0
2026-04-24T14:20:23.852186+00:00,Chaiten,1508-041,0,0,GREEN,0
2026-04-24T14:20:23.852186+00:00,Corcovado,1508-05-,0,0,GREEN,0
2026-04-24T14:20:23.852186+00:00,Melimoyu,1508-052,0,0,GREEN,0
2026-04-24T14:20:23.852186+00:00,Mentolat,1508-054,0,0,GREEN,0
2026-04-24T14:20:23.852186+00:00,Cay,1508-055,0,0,GREEN,0
2026-04-24T14:20:23.852186+00:00,Maca,1508-056,0,0,GREEN,0
2026-04-24T14:20:23.852186+00:00,Hudson,1508-057,0,0,GREEN,0
2026-04-24T14:20:23.852186+00:00,Wai Sano (IDN),0604-06-,86,276,YELLOW,448
2026-04-24T14:20:23.852186+00:00,Ranakah (IDN),0604-071,1,447,YELLOW,449
2026-04-24T14:20:23.852186+00:00,Ambrym (VUT),0507-04-,1,61,YELLOW,63
2026-04-24T14:20:23.852186+00:00,Jingbo (CHN),1005-04-,0,38,GREEN,38
2026-04-24T14:20:23.852186+00:00,Kishb Harrat (SAU),0301-071,0,238,GREEN,238
2026-04-24T14:25:22.634691+00:00,Acatenango,1402-09-,0,0,GREEN,0
2026-04-24T14:25:22.634691+00:00,Fuego,1402-10-,0,0,GREEN,0
2026-04-24T14:25:22.634691+00:00,Agua,1402-111,0,0,GREEN,0
2026-04-24T14:25:22.634691+00:00,Taapaca,1505-011,0,0,GREEN,0
2026-04-24T14:25:22.634691+00:00,Parinacota,1505-012,0,0,GREEN,0
2026-04-24T14:25:22.634691+00:00,Guallatiri,1505-02-,0,0,GREEN,0
2026-04-24T14:25:22.634691+00:00,Isluga,1505-03-,0,0,GREEN,0
2026-04-24T14:25:22.634691+00:00,Irruputuncu,1505-04-,0,0,GREEN,0
2026-04-24T14:25:22.634691+00:00,Ollague,1505-06-,0,0,GREEN,0
2026-04-24T14:25:22.634691+00:00,San Pedro,1505-07-,0,0,GREEN,0
2026-04-24T14:25:22.634691+00:00,Lascar,1505-10-,0,0,GREEN,0
2026-04-24T14:25:22.634691+00:00,Tupungatito,1507-01-,0,0,GREEN,0
2026-04-24T14:25:22.634691+00:00,San Jose,1507-02-,0,0,GREEN,0
2026-04-24T14:25:22.634691+00:00,Tinguiririca,1507-03-,0,0,GREEN,0
2026-04-24T14:25:22.634691+00:00,Planchon-Peteroa,1507-04-,0,0,GREEN,0
2026-04-24T14:25:22.634691+00:00,Descabezado Grande,1507-05-,0,0,GREEN,0
2026-04-24T14:25:22.634691+00:00,Tatara-San Pedro,1507-062,0,0,GREEN,0
2026-04-24T14:25:22.634691+00:00,Laguna del Maule,1507-061,0,0,GREEN,0
2026-04-24T14:25:22.634691+00:00,Nevado de Longavi,1507-063,0,0,GREEN,0
2026-04-24T14:25:22.634691+00:00,Nevados de Chillan,1507-07-,0,0,GREEN,0
2026-04-24T14:25:22.634691+00:00,Antuco,1507-08-,0,0,GREEN,0
2026-04-24T14:25:22.634691+00:00,Copahue,1507-09-,0,0,GREEN,0
2026-04-24T14:25:22.634691+00:00,Callaqui,1507-091,0,0,GREEN,0
2026-04-24T14:25:22.634691+00:00,Lonquimay,1507-10-,0,0,GREEN,0
2026-04-24T14:25:22.634691+00:00,Llaima,1507-11-,0,0,GREEN,0
2026-04-24T14:25:22.634691+00:00,Sollipulli,1507-111,0,0,GREEN,0
2026-04-24T14:25:22.634691+00:00,Villarrica,1507-12-,0,0,GREEN,0
2026-04-24T14:25:22.634691+00:00,Quetrupillan,1507-121,0,0,GREEN,0
2026-04-24T14:25:22.634691+00:00,Lanin,1507-122,0,0,GREEN,0
2026-04-24T14:25:22.634691+00:00,Mocho-Choshuenco,1507-13-,0,0,GREEN,0
2026-04-24T14:25:22.634691+00:00,Carran - Los Venados,1507-14-,0,0,GREEN,0
2026-04-24T14:25:22.634691+00:00,Puyehue - Cordon Caulle,1507-15-,0,0,GREEN,0
2026-04-24T14:25:22.634691+00:00,Antillanca - Casablanca,1507-153,0,0,GREEN,0
2026-04-24T14:25:22.634691+00:00,Osorno,1508-01-,0,0,GREEN,0
2026-04-24T14:25:22.634691+00:00,Calbuco,1508-02-,0,0,GREEN,0
2026-04-24T14:25:22.634691+00:00,Yate,1508-022,0,0,GREEN,0
2026-04-24T14:25:22.634691+00:00,Hornopiren,1508-023,0,0,GREEN,0
2026-04-24T14:25:22.634691+00:00,Huequi,1508-03-,0,0,GREEN,0
2026-04-24T14:25:22.634691+00:00,Michinmahuida,1508-04-,0,0,GREEN,0
2026-04-24T14:25:22.634691+00:00,Chaiten,1508-041,0,0,GREEN,0
2026-04-24T14:25:22.634691+00:00,Corcovado,1508-05-,0,0,GREEN,0
2026-04-24T14:25:22.634691+00:00,Melimoyu,1508-052,0,0,GREEN,0
2026-04-24T14:25:22.634691+00:00,Mentolat,1508-054,0,0,GREEN,0
2026-04-24T14:25:22.634691+00:00,Cay,1508-055,0,0,GREEN,0
2026-04-24T14:25:22.634691+00:00,Maca,1508-056,0,0,GREEN,0
2026-04-24T14:25:22.634691+00:00,Hudson,1508-057,0,0,GREEN,0
2026-04-24T14:25:22.634691+00:00,Wai Sano (IDN),0604-06-,74,283,YELLOW,431
2026-04-24T14:25:22.634691+00:00,Ranakah (IDN),0604-071,1,438,YELLOW,440
2026-04-24T14:25:22.634691+00:00,Ambrym (VUT),0507-04-,1,61,YELLOW,63
2026-04-24T14:25:22.634691+00:00,Jingbo (CHN),1005-04-,0,34,GREEN,34
2026-04-24T14:25:22.634691+00:00,Kishb Harrat (SAU),0301-071,0,250,GREEN,250
2026-04-24T14:30:26.653855+00:00,Acatenango,1402-09-,0,0,GREEN,0
2026-04-24T14:30:26.653855+00:00,Fuego,1402-10-,0,0,GREEN,0
2026-04-24T14:30:26.653855+00:00,Agua,1402-111,0,0,GREEN,0
2026-04-24T14:30:26.653855+00:00,Taapaca,1505-011,0,0,GREEN,0
2026-04-24T14:30:26.653855+00:00,Parinacota,1505-012,0,0,GREEN,0
2026-04-24T14:30:26.653855+00:00,Guallatiri,1505-02-,0,0,GREEN,0
2026-04-24T14:30:26.653855+00:00,Isluga,1505-03-,0,0,GREEN,0
2026-04-24T14:30:26.653855+00:00,Irruputuncu,1505-04-,0,0,GREEN,0
2026-04-24T14:30:26.653855+00:00,Ollague,1505-06-,0,0,GREEN,0
2026-04-24T14:30:26.653855+00:00,San Pedro,1505-07-,0,0,GREEN,0
2026-04-24T14:30:26.653855+00:00,Lascar,1505-10-,0,0,GREEN,0
2026-04-24T14:30:26.653855+00:00,Tupungatito,1507-01-,0,0,GREEN,0
2026-04-24T14:30:26.653855+00:00,San Jose,1507-02-,0,0,GREEN,0
2026-04-24T14:30:26.653855+00:00,Tinguiririca,1507-03-,0,0,GREEN,0
2026-04-24T14:30:26.653855+00:00,Planchon-Peteroa,1507-04-,0,0,GREEN,0
2026-04-24T14:30:26.653855+00:00,Descabezado Grande,1507-05-,0,0,GREEN,0
2026-04-24T14:30:26.653855+00:00,Tatara-San Pedro,1507-062,0,0,GREEN,0
2026-04-24T14:30:26.653855+00:00,Laguna del Maule,1507-061,0,0,GREEN,0
2026-04-24T14:30:26.653855+00:00,Nevado de Longavi,1507-063,0,0,GREEN,0
2026-04-24T14:30:26.653855+00:00,Nevados de Chillan,1507-07-,0,0,GREEN,0
2026-04-24T14:30:26.653855+00:00,Antuco,1507-08-,0,0,GREEN,0
2026-04-24T14:30:26.653855+00:00,Copahue,1507-09-,0,0,GREEN,0
2026-04-24T14:30:26.653855+00:00,Callaqui,1507-091,0,0,GREEN,0
2026-04-24T14:30:26.653855+00:00,Lonquimay,1507-10-,0,0,GREEN,0
2026-04-24T14:30:26.653855+00:00,Llaima,1507-11-,0,0,GREEN,0
2026-04-24T14:30:26.653855+00:00,Sollipulli,1507-111,0,0,GREEN,0
2026-04-24T14:30:26.653855+00:00,Villarrica,1507-12-,0,0,GREEN,0
2026-04-24T14:30:26.653855+00:00,Quetrupillan,1507-121,0,0,GREEN,0
2026-04-24T14:30:26.653855+00:00,Lanin,1507-122,0,0,GREEN,0
2026-04-24T14:30:26.653855+00:00,Mocho-Choshuenco,1507-13-,0,0,GREEN,0
2026-04-24T14:30:26.653855+00:00,Carran - Los Venados,1507-14-,0,0,GREEN,0
2026-04-24T14:30:26.653855+00:00,Puyehue - Cordon Caulle,1507-15-,0,0,GREEN,0
2026-04-24T14:30:26.653855+00:00,Antillanca - Casablanca,1507-153,0,0,GREEN,0
2026-04-24T14:30:26.653855+00:00,Osorno,1508-01-,0,0,GREEN,0
2026-04-24T14:30:26.653855+00:00,Calbuco,1508-02-,0,0,GREEN,0
2026-04-24T14:30:26.653855+00:00,Yate,1508-022,0,0,GREEN,0
2026-04-24T14:30:26.653855+00:00,Hornopiren,1508-023,0,0,GREEN,0
2026-04-24T14:30:26.653855+00:00,Huequi,1508-03-,0,0,GREEN,0
2026-04-24T14:30:26.653855+00:00,Michinmahuida,1508-04-,0,0,GREEN,0
2026-04-24T14:30:26.653855+00:00,Chaiten,1508-041,0,0,GREEN,0
2026-04-24T14:30:26.653855+00:00,Corcovado,1508-05-,0,0,GREEN,0
2026-04-24T14:30:26.653855+00:00,Melimoyu,1508-052,0,0,GREEN,0
2026-04-24T14:30:26.653855+00:00,Mentolat,1508-054,0,0,GREEN,0
2026-04-24T14:30:26.653855+00:00,Cay,1508-055,0,0,GREEN,0
2026-04-24T14:30:26.653855+00:00,Maca,1508-056,0,0,GREEN,0
2026-04-24T14:30:26.653855+00:00,Hudson,1508-057,0,0,GREEN,0
2026-04-24T14:30:26.653855+00:00,Wai Sano (IDN),0604-06-,66,262,YELLOW,394
2026-04-24T14:30:26.653855+00:00,Ranakah (IDN),0604-071,1,409,YELLOW,411
2026-04-24T14:30:26.653855+00:00,Ambrym (VUT),0507-04-,1,62,YELLOW,64
2026-04-24T14:30:26.653855+00:00,Jingbo (CHN),1005-04-,0,28,GREEN,28
2026-04-24T14:30:26.653855+00:00,Kishb Harrat (SAU),0301-071,0,255,GREEN,255
2026-04-24T14:35:19.021538+00:00,Acatenango,1402-09-,0,0,GREEN,0
2026-04-24T14:35:19.021538+00:00,Fuego,1402-10-,0,0,GREEN,0
2026-04-24T14:35:19.021538+00:00,Agua,1402-111,0,0,GREEN,0
2026-04-24T14:35:19.021538+00:00,Taapaca,1505-011,0,0,GREEN,0
2026-04-24T14:35:19.021538+00:00,Parinacota,1505-012,0,0,GREEN,0
2026-04-24T14:35:19.021538+00:00,Guallatiri,1505-02-,0,0,GREEN,0
2026-04-24T14:35:19.021538+00:00,Isluga,1505-03-,0,0,GREEN,0
2026-04-24T14:35:19.021538+00:00,Irruputuncu,1505-04-,0,0,GREEN,0
2026-04-24T14:35:19.021538+00:00,Ollague,1505-06-,0,0,GREEN,0
2026-04-24T14:35:19.021538+00:00,San Pedro,1505-07-,0,0,GREEN,0
2026-04-24T14:35:19.021538+00:00,Lascar,1505-10-,0,0,GREEN,0
2026-04-24T14:35:19.021538+00:00,Tupungatito,1507-01-,0,0,GREEN,0
2026-04-24T14:35:19.021538+00:00,San Jose,1507-02-,0,0,GREEN,0
2026-04-24T14:35:19.021538+00:00,Tinguiririca,1507-03-,0,0,GREEN,0
2026-04-24T14:35:19.021538+00:00,Planchon-Peteroa,1507-04-,0,0,GREEN,0
2026-04-24T14:35:19.021538+00:00,Descabezado Grande,1507-05-,0,0,GREEN,0
2026-04-24T14:35:19.021538+00:00,Tatara-San Pedro,1507-062,0,0,GREEN,0
2026-04-24T14:35:19.021538+00:00,Laguna del Maule,1507-061,0,0,GREEN,0
2026-04-24T14:35:19.021538+00:00,Nevado de Longavi,1507-063,0,0,GREEN,0
2026-04-24T14:35:19.021538+00:00,Nevados de Chillan,1507-07-,0,0,GREEN,0
2026-04-24T14:35:19.021538+00:00,Antuco,1507-08-,0,0,GREEN,0
2026-04-24T14:35:19.021538+00:00,Copahue,1507-09-,0,0,GREEN,0
2026-04-24T14:35:19.021538+00:00,Callaqui,1507-091,0,0,GREEN,0
2026-04-24T14:35:19.021538+00:00,Lonquimay,1507-10-,0,0,GREEN,0
2026-04-24T14:35:19.021538+00:00,Llaima,1507-11-,0,0,GREEN,0
2026-04-24T14:35:19.021538+00:00,Sollipulli,1507-111,0,0,GREEN,0
2026-04-24T14:35:19.021538+00:00,Villarrica,1507-12-,0,0,GREEN,0
2026-04-24T14:35:19.021538+00:00,Quetrupillan,1507-121,0,0,GREEN,0
2026-04-24T14:35:19.021538+00:00,Lanin,1507-122,0,0,GREEN,0
2026-04-24T14:35:19.021538+00:00,Mocho-Choshuenco,1507-13-,0,0,GREEN,0
2026-04-24T14:35:19.021538+00:00,Carran - Los Venados,1507-14-,0,0,GREEN,0
2026-04-24T14:35:19.021538+00:00,Puyehue - Cordon Caulle,1507-15-,0,0,GREEN,0
2026-04-24T14:35:19.021538+00:00,Antillanca - Casablanca,1507-153,0,0,GREEN,0
2026-04-24T14:35:19.021538+00:00,Osorno,1508-01-,0,0,GREEN,0
2026-04-24T14:35:19.021538+00:00,Calbuco,1508-02-,0,0,GREEN,0
2026-04-24T14:35:19.021538+00:00,Yate,1508-022,0,0,GREEN,0
2026-04-24T14:35:19.021538+00:00,Hornopiren,1508-023,0,0,GREEN,0
2026-04-24T14:35:19.021538+00:00,Huequi,1508-03-,0,0,GREEN,0
2026-04-24T14:35:19.021538+00:00,Michinmahuida,1508-04-,0,0,GREEN,0
2026-04-24T14:35:19.021538+00:00,Chaiten,1508-041,0,0,GREEN,0
2026-04-24T14:35:19.021538+00:00,Corcovado,1508-05-,0,0,GREEN,0
2026-04-24T14:35:19.021538+00:00,Melimoyu,1508-052,0,0,GREEN,0
2026-04-24T14:35:19.021538+00:00,Mentolat,1508-054,0,0,GREEN,0
2026-04-24T14:35:19.021538+00:00,Cay,1508-055,0,0,GREEN,0
2026-04-24T14:35:19.021538+00:00,Maca,1508-056,0,0,GREEN,0
2026-04-24T14:35:19.021538+00:00,Hudson,1508-057,0,0,GREEN,0
2026-04-24T14:35:19.021538+00:00,Wai Sano (IDN),0604-06-,50,222,YELLOW,322
2026-04-24T14:35:19.021538+00:00,Ranakah (IDN),0604-071,1,349,YELLOW,351
2026-04-24T14:35:19.021538+00:00,Ambrym (VUT),0507-04-,1,59,YELLOW,61
2026-04-24T14:35:19.021538+00:00,Jingbo (CHN),1005-04-,0,21,GREEN,21
2026-04-24T14:35:19.021538+00:00,Kishb Harrat (SAU),0301-071,0,260,GREEN,260
2026-04-24T14:40:37.877495+00:00,Acatenango,1402-09-,0,0,GREEN,0
2026-04-24T14:40:37.877495+00:00,Fuego,1402-10-,0,0,GREEN,0
2026-04-24T14:40:37.877495+00:00,Agua,1402-111,0,0,GREEN,0
2026-04-24T14:40:37.877495+00:00,Taapaca,1505-011,0,0,GREEN,0
2026-04-24T14:40:37.877495+00:00,Parinacota,1505-012,0,0,GREEN,0
2026-04-24T14:40:37.877495+00:00,Guallatiri,1505-02-,0,0,GREEN,0
2026-04-24T14:40:37.877495+00:00,Isluga,1505-03-,0,0,GREEN,0
2026-04-24T14:40:37.877495+00:00,Irruputuncu,1505-04-,0,0,GREEN,0
2026-04-24T14:40:37.877495+00:00,Ollague,1505-06-,0,0,GREEN,0
2026-04-24T14:40:37.877495+00:00,San Pedro,1505-07-,0,0,GREEN,0
2026-04-24T14:40:37.877495+00:00,Lascar,1505-10-,0,0,GREEN,0
2026-04-24T14:40:37.877495+00:00,Tupungatito,1507-01-,0,0,GREEN,0
2026-04-24T14:40:37.877495+00:00,San Jose,1507-02-,0,0,GREEN,0
2026-04-24T14:40:37.877495+00:00,Tinguiririca,1507-03-,0,0,GREEN,0
2026-04-24T14:40:37.877495+00:00,Planchon-Peteroa,1507-04-,0,0,GREEN,0
2026-04-24T14:40:37.877495+00:00,Descabezado Grande,1507-05-,0,0,GREEN,0
2026-04-24T14:40:37.877495+00:00,Tatara-San Pedro,1507-062,0,0,GREEN,0
2026-04-24T14:40:37.877495+00:00,Laguna del Maule,1507-061,0,0,GREEN,0
2026-04-24T14:40:37.877495+00:00,Nevado de Longavi,1507-063,0,0,GREEN,0
2026-04-24T14:40:37.877495+00:00,Nevados de Chillan,1507-07-,0,0,GREEN,0
2026-04-24T14:40:37.877495+00:00,Antuco,1507-08-,0,0,GREEN,0
2026-04-24T14:40:37.877495+00:00,Copahue,1507-09-,0,0,GREEN,0
2026-04-24T14:40:37.877495+00:00,Callaqui,1507-091,0,0,GREEN,0
2026-04-24T14:40:37.877495+00:00,Lonquimay,1507-10-,0,0,GREEN,0
2026-04-24T14:40:37.877495+00:00,Llaima,1507-11-,0,0,GREEN,0
2026-04-24T14:40:37.877495+00:00,Sollipulli,1507-111,0,0,GREEN,0
2026-04-24T14:40:37.877495+00:00,Villarrica,1507-12-,0,0,GREEN,0
2026-04-24T14:40:37.877495+00:00,Quetrupillan,1507-121,0,0,GREEN,0
2026-04-24T14:40:37.877495+00:00,Lanin,1507-122,0,0,GREEN,0
2026-04-24T14:40:37.877495+00:00,Mocho-Choshuenco,1507-13-,0,0,GREEN,0
2026-04-24T14:40:37.877495+00:00,Carran - Los Venados,1507-14-,0,0,GREEN,0
2026-04-24T14:40:37.877495+00:00,Puyehue - Cordon Caulle,1507-15-,0,0,GREEN,0
2026-04-24T14:40:37.877495+00:00,Antillanca - Casablanca,1507-153,0,0,GREEN,0
2026-04-24T14:40:37.877495+00:00,Osorno,1508-01-,0,0,GREEN,0
2026-04-24T14:40:37.877495+00:00,Calbuco,1508-02-,0,0,GREEN,0
2026-04-24T14:40:37.877495+00:00,Yate,1508-022,0,0,GREEN,0
2026-04-24T14:40:37.877495+00:00,Hornopiren,1508-023,0,0,GREEN,0
2026-04-24T14:40:37.877495+00:00,Huequi,1508-03-,0,0,GREEN,0
2026-04-24T14:40:37.877495+00:00,Michinmahuida,1508-04-,0,0,GREEN,0
2026-04-24T14:40:37.877495+00:00,Chaiten,1508-041,0,0,GREEN,0
2026-04-24T14:40:37.877495+00:00,Corcovado,1508-05-,0,0,GREEN,0
2026-04-24T14:40:37.877495+00:00,Melimoyu,1508-052,0,0,GREEN,0
2026-04-24T14:40:37.877495+00:00,Mentolat,1508-054,0,0,GREEN,0
2026-04-24T14:40:37.877495+00:00,Cay,1508-055,0,0,GREEN,0
2026-04-24T14:40:37.877495+00:00,Maca,1508-056,0,0,GREEN,0
2026-04-24T14:40:37.877495+00:00,Hudson,1508-057,0,0,GREEN,0
2026-04-24T14:40:37.877495+00:00,Wai Sano (IDN),0604-06-,44,207,YELLOW,295
2026-04-24T14:40:37.877495+00:00,Ranakah (IDN),0604-071,0,338,GREEN,338
2026-04-24T14:40:37.877495+00:00,Ambrym (VUT),0507-04-,1,48,YELLOW,50
2026-04-24T14:40:37.877495+00:00,Jingbo (CHN),1005-04-,0,18,GREEN,18
2026-04-24T14:40:37.877495+00:00,Kishb Harrat (SAU),0301-071,0,263,GREEN,263
2026-04-24T14:42:18.243449+00:00,Acatenango,1402-09-,0,0,GREEN,0
2026-04-24T14:42:18.243449+00:00,Fuego,1402-10-,0,0,GREEN,0
2026-04-24T14:42:18.243449+00:00,Agua,1402-111,0,0,GREEN,0
2026-04-24T14:42:18.243449+00:00,Concepcion (NIC),1404-12-,4,176,YELLOW,184
2026-04-24T14:42:18.243449+00:00,Maderas (NIC),1404-13-,2,180,YELLOW,184
2026-04-24T14:42:18.243449+00:00,Orosi (CRI),1405-01-,0,185,GREEN,185
2026-04-24T14:42:18.243449+00:00,Rincon de la Vieja (CRI),1405-02-,0,185,GREEN,185
2026-04-24T14:42:18.243449+00:00,Taapaca,1505-011,0,0,GREEN,0
2026-04-24T14:42:18.243449+00:00,Parinacota,1505-012,0,0,GREEN,0
2026-04-24T14:42:18.243449+00:00,Guallatiri,1505-02-,0,0,GREEN,0
2026-04-24T14:42:18.243449+00:00,Isluga,1505-03-,0,0,GREEN,0
2026-04-24T14:42:18.243449+00:00,Irruputuncu,1505-04-,0,0,GREEN,0
2026-04-24T14:42:18.243449+00:00,Ollague,1505-06-,0,0,GREEN,0
2026-04-24T14:42:18.243449+00:00,San Pedro,1505-07-,0,0,GREEN,0
2026-04-24T14:42:18.243449+00:00,Lascar,1505-10-,0,0,GREEN,0
2026-04-24T14:42:18.243449+00:00,Tupungatito,1507-01-,0,0,GREEN,0
2026-04-24T14:42:18.243449+00:00,San Jose,1507-02-,0,0,GREEN,0
2026-04-24T14:42:18.243449+00:00,Tinguiririca,1507-03-,0,0,GREEN,0
2026-04-24T14:42:18.243449+00:00,Planchon-Peteroa,1507-04-,0,0,GREEN,0
2026-04-24T14:42:18.243449+00:00,Descabezado Grande,1507-05-,0,0,GREEN,0
2026-04-24T14:42:18.243449+00:00,Tatara-San Pedro,1507-062,0,0,GREEN,0
2026-04-24T14:42:18.243449+00:00,Laguna del Maule,1507-061,0,0,GREEN,0
2026-04-24T14:42:18.243449+00:00,Nevado de Longavi,1507-063,0,0,GREEN,0
2026-04-24T14:42:18.243449+00:00,Nevados de Chillan,1507-07-,0,0,GREEN,0
2026-04-24T14:42:18.243449+00:00,Antuco,1507-08-,0,0,GREEN,0
2026-04-24T14:42:18.243449+00:00,Copahue,1507-09-,0,0,GREEN,0
2026-04-24T14:42:18.243449+00:00,Callaqui,1507-091,0,0,GREEN,0
2026-04-24T14:42:18.243449+00:00,Lonquimay,1507-10-,0,0,GREEN,0
2026-04-24T14:42:18.243449+00:00,Llaima,1507-11-,0,0,GREEN,0
2026-04-24T14:42:18.243449+00:00,Sollipulli,1507-111,0,0,GREEN,0
2026-04-24T14:42:18.243449+00:00,Villarrica,1507-12-,0,0,GREEN,0
2026-04-24T14:42:18.243449+00:00,Quetrupillan,1507-121,0,0,GREEN,0
2026-04-24T14:42:18.243449+00:00,Lanin,1507-122,0,0,GREEN,0
2026-04-24T14:42:18.243449+00:00,Mocho-Choshuenco,1507-13-,0,0,GREEN,0
2026-04-24T14:42:18.243449+00:00,Carran - Los Venados,1507-14-,0,0,GREEN,0
2026-04-24T14:42:18.243449+00:00,Puyehue - Cordon Caulle,1507-15-,0,0,GREEN,0
2026-04-24T14:42:18.243449+00:00,Antillanca - Casablanca,1507-153,0,0,GREEN,0
2026-04-24T14:42:18.243449+00:00,Osorno,1508-01-,0,0,GREEN,0
2026-04-24T14:42:18.243449+00:00,Calbuco,1508-02-,0,0,GREEN,0
2026-04-24T14:42:18.243449+00:00,Yate,1508-022,0,0,GREEN,0
2026-04-24T14:42:18.243449+00:00,Hornopiren,1508-023,0,0,GREEN,0
2026-04-24T14:42:18.243449+00:00,Huequi,1508-03-,0,0,GREEN,0
2026-04-24T14:42:18.243449+00:00,Michinmahuida,1508-04-,0,0,GREEN,0
2026-04-24T14:42:18.243449+00:00,Chaiten,1508-041,0,0,GREEN,0
2026-04-24T14:42:18.243449+00:00,Corcovado,1508-05-,0,0,GREEN,0
2026-04-24T14:42:18.243449+00:00,Melimoyu,1508-052,0,0,GREEN,0
2026-04-24T14:42:18.243449+00:00,Mentolat,1508-054,0,0,GREEN,0
2026-04-24T14:42:18.243449+00:00,Cay,1508-055,0,0,GREEN,0
2026-04-24T14:42:18.243449+00:00,Maca,1508-056,0,0,GREEN,0
2026-04-24T14:42:18.243449+00:00,Hudson,1508-057,0,0,GREEN,0
2026-04-24T14:42:18.243449+00:00,Wai Sano (IDN),0604-06-,42,210,YELLOW,294
2026-04-24T14:42:18.243449+00:00,Ranakah (IDN),0604-071,0,345,GREEN,345
2026-04-24T14:42:18.243449+00:00,Ambrym (VUT),0507-04-,1,47,YELLOW,49
2026-04-24T14:42:18.243449+00:00,Jingbo (CHN),1005-04-,0,15,GREEN,15
2026-04-24T14:42:18.243449+00:00,Kishb Harrat (SAU),0301-071,0,263,GREEN,263
2026-04-24T14:45:22.526878+00:00,Acatenango,1402-09-,0,0,GREEN,0
2026-04-24T14:45:22.526878+00:00,Fuego,1402-10-,0,0,GREEN,0
2026-04-24T14:45:22.526878+00:00,Agua,1402-111,0,0,GREEN,0
2026-04-24T14:45:22.526878+00:00,Concepcion (NIC),1404-12-,3,151,YELLOW,157
2026-04-24T14:45:22.526878+00:00,Maderas (NIC),1404-13-,2,153,YELLOW,157
2026-04-24T14:45:22.526878+00:00,Orosi (CRI),1405-01-,0,157,GREEN,157
2026-04-24T14:45:22.526878+00:00,Rincon de la Vieja (CRI),1405-02-,0,157,GREEN,157
2026-04-24T14:45:22.526878+00:00,Taapaca,1505-011,0,0,GREEN,0
2026-04-24T14:45:22.526878+00:00,Parinacota,1505-012,0,0,GREEN,0
2026-04-24T14:45:22.526878+00:00,Guallatiri,1505-02-,0,0,GREEN,0
2026-04-24T14:45:22.526878+00:00,Isluga,1505-03-,0,0,GREEN,0
2026-04-24T14:45:22.526878+00:00,Irruputuncu,1505-04-,0,0,GREEN,0
2026-04-24T14:45:22.526878+00:00,Ollague,1505-06-,0,0,GREEN,0
2026-04-24T14:45:22.526878+00:00,San Pedro,1505-07-,0,0,GREEN,0
2026-04-24T14:45:22.526878+00:00,Lascar,1505-10-,0,0,GREEN,0
2026-04-24T14:45:22.526878+00:00,Tupungatito,1507-01-,0,0,GREEN,0
2026-04-24T14:45:22.526878+00:00,San Jose,1507-02-,0,0,GREEN,0
2026-04-24T14:45:22.526878+00:00,Tinguiririca,1507-03-,0,0,GREEN,0
2026-04-24T14:45:22.526878+00:00,Planchon-Peteroa,1507-04-,0,0,GREEN,0
2026-04-24T14:45:22.526878+00:00,Descabezado Grande,1507-05-,0,0,GREEN,0
2026-04-24T14:45:22.526878+00:00,Tatara-San Pedro,1507-062,0,0,GREEN,0
2026-04-24T14:45:22.526878+00:00,Laguna del Maule,1507-061,0,0,GREEN,0
2026-04-24T14:45:22.526878+00:00,Nevado de Longavi,1507-063,0,0,GREEN,0
2026-04-24T14:45:22.526878+00:00,Nevados de Chillan,1507-07-,0,0,GREEN,0
2026-04-24T14:45:22.526878+00:00,Antuco,1507-08-,0,0,GREEN,0
2026-04-24T14:45:22.526878+00:00,Copahue,1507-09-,0,0,GREEN,0
2026-04-24T14:45:22.526878+00:00,Callaqui,1507-091,0,0,GREEN,0
2026-04-24T14:45:22.526878+00:00,Lonquimay,1507-10-,0,0,GREEN,0
2026-04-24T14:45:22.526878+00:00,Llaima,1507-11-,0,0,GREEN,0
2026-04-24T14:45:22.526878+00:00,Sollipulli,1507-111,0,0,GREEN,0
2026-04-24T14:45:22.526878+00:00,Villarrica,1507-12-,0,0,GREEN,0
2026-04-24T14:45:22.526878+00:00,Quetrupillan,1507-121,0,0,GREEN,0
2026-04-24T14:45:22.526878+00:00,Lanin,1507-122,0,0,GREEN,0
2026-04-24T14:45:22.526878+00:00,Mocho-Choshuenco,1507-13-,0,0,GREEN,0
2026-04-24T14:45:22.526878+00:00,Carran - Los Venados,1507-14-,0,0,GREEN,0
2026-04-24T14:45:22.526878+00:00,Puyehue - Cordon Caulle,1507-15-,0,0,GREEN,0
2026-04-24T14:45:22.526878+00:00,Antillanca - Casablanca,1507-153,0,0,GREEN,0
2026-04-24T14:45:22.526878+00:00,Osorno,1508-01-,0,0,GREEN,0
2026-04-24T14:45:22.526878+00:00,Calbuco,1508-02-,0,0,GREEN,0
2026-04-24T14:45:22.526878+00:00,Yate,1508-022,0,0,GREEN,0
2026-04-24T14:45:22.526878+00:00,Hornopiren,1508-023,0,0,GREEN,0
2026-04-24T14:45:22.526878+00:00,Huequi,1508-03-,0,0,GREEN,0
2026-04-24T14:45:22.526878+00:00,Michinmahuida,1508-04-,0,0,GREEN,0
2026-04-24T14:45:22.526878+00:00,Chaiten,1508-041,0,0,GREEN,0
2026-04-24T14:45:22.526878+00:00,Corcovado,1508-05-,0,0,GREEN,0
2026-04-24T14:45:22.526878+00:00,Melimoyu,1508-052,0,0,GREEN,0
2026-04-24T14:45:22.526878+00:00,Mentolat,1508-054,0,0,GREEN,0
2026-04-24T14:45:22.526878+00:00,Cay,1508-055,0,0,GREEN,0
2026-04-24T14:45:22.526878+00:00,Maca,1508-056,0,0,GREEN,0
2026-04-24T14:45:22.526878+00:00,Hudson,1508-057,0,0,GREEN,0
2026-04-24T14:45:22.526878+00:00,Wai Sano (IDN),0604-06-,38,195,YELLOW,271
2026-04-24T14:45:22.526878+00:00,Ranakah (IDN),0604-071,0,329,GREEN,329
2026-04-24T14:45:22.526878+00:00,Ambrym (VUT),0507-04-,1,41,YELLOW,43
2026-04-24T14:45:22.526878+00:00,Jingbo (CHN),1005-04-,0,13,GREEN,13
2026-04-24T14:45:22.526878+00:00,Kishb Harrat (SAU),0301-071,0,269,GREEN,269
2026-04-24T14:50:20.991806+00:00,Acatenango,1402-09-,0,0,GREEN,0
2026-04-24T14:50:20.991806+00:00,Fuego,1402-10-,0,0,GREEN,0
2026-04-24T14:50:20.991806+00:00,Agua,1402-111,0,0,GREEN,0
2026-04-24T14:50:20.991806+00:00,Concepcion (NIC),1404-12-,3,108,YELLOW,114
2026-04-24T14:50:20.991806+00:00,Maderas (NIC),1404-13-,2,110,YELLOW,114
2026-04-24T14:50:20.991806+00:00,Orosi (CRI),1405-01-,0,114,GREEN,114
2026-04-24T14:50:20.991806+00:00,Rincon de la Vieja (CRI),1405-02-,0,114,GREEN,114
2026-04-24T14:50:20.991806+00:00,Taapaca,1505-011,0,0,GREEN,0
2026-04-24T14:50:20.991806+00:00,Parinacota,1505-012,0,0,GREEN,0
2026-04-24T14:50:20.991806+00:00,Guallatiri,1505-02-,0,0,GREEN,0
2026-04-24T14:50:20.991806+00:00,Isluga,1505-03-,0,0,GREEN,0
2026-04-24T14:50:20.991806+00:00,Irruputuncu,1505-04-,0,0,GREEN,0
2026-04-24T14:50:20.991806+00:00,Ollague,1505-06-,0,0,GREEN,0
2026-04-24T14:50:20.991806+00:00,San Pedro,1505-07-,0,0,GREEN,0
2026-04-24T14:50:20.991806+00:00,Lascar,1505-10-,0,0,GREEN,0
2026-04-24T14:50:20.991806+00:00,Tupungatito,1507-01-,0,0,GREEN,0
2026-04-24T14:50:20.991806+00:00,San Jose,1507-02-,0,0,GREEN,0
2026-04-24T14:50:20.991806+00:00,Tinguiririca,1507-03-,0,0,GREEN,0
2026-04-24T14:50:20.991806+00:00,Planchon-Peteroa,1507-04-,0,0,GREEN,0
2026-04-24T14:50:20.991806+00:00,Descabezado Grande,1507-05-,0,0,GREEN,0
2026-04-24T14:50:20.991806+00:00,Tatara-San Pedro,1507-062,0,0,GREEN,0
2026-04-24T14:50:20.991806+00:00,Laguna del Maule,1507-061,0,0,GREEN,0
2026-04-24T14:50:20.991806+00:00,Nevado de Longavi,1507-063,0,0,GREEN,0
2026-04-24T14:50:20.991806+00:00,Nevados de Chillan,1507-07-,0,0,GREEN,0
2026-04-24T14:50:20.991806+00:00,Antuco,1507-08-,0,0,GREEN,0
2026-04-24T14:50:20.991806+00:00,Copahue,1507-09-,0,0,GREEN,0
2026-04-24T14:50:20.991806+00:00,Callaqui,1507-091,0,0,GREEN,0
2026-04-24T14:50:20.991806+00:00,Lonquimay,1507-10-,0,0,GREEN,0
2026-04-24T14:50:20.991806+00:00,Llaima,1507-11-,0,0,GREEN,0
2026-04-24T14:50:20.991806+00:00,Sollipulli,1507-111,0,0,GREEN,0
2026-04-24T14:50:20.991806+00:00,Villarrica,1507-12-,0,0,GREEN,0
2026-04-24T14:50:20.991806+00:00,Quetrupillan,1507-121,0,0,GREEN,0
2026-04-24T14:50:20.991806+00:00,Lanin,1507-122,0,0,GREEN,0
2026-04-24T14:50:20.991806+00:00,Mocho-Choshuenco,1507-13-,0,0,GREEN,0
2026-04-24T14:50:20.991806+00:00,Carran - Los Venados,1507-14-,0,0,GREEN,0
2026-04-24T14:50:20.991806+00:00,Puyehue - Cordon Caulle,1507-15-,0,0,GREEN,0
2026-04-24T14:50:20.991806+00:00,Antillanca - Casablanca,1507-153,0,0,GREEN,0
2026-04-24T14:50:20.991806+00:00,Osorno,1508-01-,0,0,GREEN,0
2026-04-24T14:50:20.991806+00:00,Calbuco,1508-02-,0,0,GREEN,0
2026-04-24T14:50:20.991806+00:00,Yate,1508-022,0,0,GREEN,0
2026-04-24T14:50:20.991806+00:00,Hornopiren,1508-023,0,0,GREEN,0
2026-04-24T14:50:20.991806+00:00,Huequi,1508-03-,0,0,GREEN,0
2026-04-24T14:50:20.991806+00:00,Michinmahuida,1508-04-,0,0,GREEN,0
2026-04-24T14:50:20.991806+00:00,Chaiten,1508-041,0,0,GREEN,0
2026-04-24T14:50:20.991806+00:00,Corcovado,1508-05-,0,0,GREEN,0
2026-04-24T14:50:20.991806+00:00,Melimoyu,1508-052,0,0,GREEN,0
2026-04-24T14:50:20.991806+00:00,Mentolat,1508-054,0,0,GREEN,0
2026-04-24T14:50:20.991806+00:00,Cay,1508-055,0,0,GREEN,0
2026-04-24T14:50:20.991806+00:00,Maca,1508-056,0,0,GREEN,0
2026-04-24T14:50:20.991806+00:00,Hudson,1508-057,0,0,GREEN,0
2026-04-24T14:50:20.991806+00:00,Wai Sano (IDN),0604-06-,34,195,YELLOW,263
2026-04-24T14:50:20.991806+00:00,Ranakah (IDN),0604-071,0,319,GREEN,319
2026-04-24T14:50:20.991806+00:00,Ambrym (VUT),0507-04-,1,28,YELLOW,30
2026-04-24T14:50:20.991806+00:00,Jingbo (CHN),1005-04-,0,9,GREEN,9
2026-04-24T14:50:20.991806+00:00,Kishb Harrat (SAU),0301-071,0,263,GREEN,263
2026-04-24T14:55:19.070741+00:00,Acatenango,1402-09-,0,0,GREEN,0
2026-04-24T14:55:19.070741+00:00,Fuego,1402-10-,0,0,GREEN,0
2026-04-24T14:55:19.070741+00:00,Agua,1402-111,0,0,GREEN,0
2026-04-24T14:55:19.070741+00:00,Concepcion (NIC),1404-12-,5,74,YELLOW,84
2026-04-24T14:55:19.070741+00:00,Maderas (NIC),1404-13-,4,76,YELLOW,84
2026-04-24T14:55:19.070741+00:00,Orosi (CRI),1405-01-,0,84,GREEN,84
2026-04-24T14:55:19.070741+00:00,Rincon de la Vieja (CRI),1405-02-,0,84,GREEN,84
2026-04-24T14:55:19.070741+00:00,Taapaca,1505-011,0,0,GREEN,0
2026-04-24T14:55:19.070741+00:00,Parinacota,1505-012,0,0,GREEN,0
2026-04-24T14:55:19.070741+00:00,Guallatiri,1505-02-,0,0,GREEN,0
2026-04-24T14:55:19.070741+00:00,Isluga,1505-03-,0,0,GREEN,0
2026-04-24T14:55:19.070741+00:00,Irruputuncu,1505-04-,0,0,GREEN,0
2026-04-24T14:55:19.070741+00:00,Ollague,1505-06-,0,0,GREEN,0
2026-04-24T14:55:19.070741+00:00,San Pedro,1505-07-,0,0,GREEN,0
2026-04-24T14:55:19.070741+00:00,Lascar,1505-10-,0,0,GREEN,0
2026-04-24T14:55:19.070741+00:00,Tupungatito,1507-01-,0,0,GREEN,0
2026-04-24T14:55:19.070741+00:00,San Jose,1507-02-,0,0,GREEN,0
2026-04-24T14:55:19.070741+00:00,Tinguiririca,1507-03-,0,0,GREEN,0
2026-04-24T14:55:19.070741+00:00,Planchon-Peteroa,1507-04-,0,0,GREEN,0
2026-04-24T14:55:19.070741+00:00,Descabezado Grande,1507-05-,0,0,GREEN,0
2026-04-24T14:55:19.070741+00:00,Tatara-San Pedro,1507-062,0,0,GREEN,0
2026-04-24T14:55:19.070741+00:00,Laguna del Maule,1507-061,0,0,GREEN,0
2026-04-24T14:55:19.070741+00:00,Nevado de Longavi,1507-063,0,0,GREEN,0
2026-04-24T14:55:19.070741+00:00,Nevados de Chillan,1507-07-,0,0,GREEN,0
2026-04-24T14:55:19.070741+00:00,Antuco,1507-08-,0,0,GREEN,0
2026-04-24T14:55:19.070741+00:00,Copahue,1507-09-,0,0,GREEN,0
2026-04-24T14:55:19.070741+00:00,Callaqui,1507-091,0,0,GREEN,0
2026-04-24T14:55:19.070741+00:00,Lonquimay,1507-10-,0,0,GREEN,0
2026-04-24T14:55:19.070741+00:00,Llaima,1507-11-,0,0,GREEN,0
2026-04-24T14:55:19.070741+00:00,Sollipulli,1507-111,0,0,GREEN,0
2026-04-24T14:55:19.070741+00:00,Villarrica,1507-12-,0,0,GREEN,0
2026-04-24T14:55:19.070741+00:00,Quetrupillan,1507-121,0,0,GREEN,0
2026-04-24T14:55:19.070741+00:00,Lanin,1507-122,0,0,GREEN,0
2026-04-24T14:55:19.070741+00:00,Mocho-Choshuenco,1507-13-,0,0,GREEN,0
2026-04-24T14:55:19.070741+00:00,Carran - Los Venados,1507-14-,0,0,GREEN,0
2026-04-24T14:55:19.070741+00:00,Puyehue - Cordon Caulle,1507-15-,0,0,GREEN,0
2026-04-24T14:55:19.070741+00:00,Antillanca - Casablanca,1507-153,0,0,GREEN,0
2026-04-24T14:55:19.070741+00:00,Osorno,1508-01-,0,0,GREEN,0
2026-04-24T14:55:19.070741+00:00,Calbuco,1508-02-,0,0,GREEN,0
2026-04-24T14:55:19.070741+00:00,Yate,1508-022,0,0,GREEN,0
2026-04-24T14:55:19.070741+00:00,Hornopiren,1508-023,0,0,GREEN,0
2026-04-24T14:55:19.070741+00:00,Huequi,1508-03-,0,0,GREEN,0
2026-04-24T14:55:19.070741+00:00,Michinmahuida,1508-04-,0,0,GREEN,0
2026-04-24T14:55:19.070741+00:00,Chaiten,1508-041,0,0,GREEN,0
2026-04-24T14:55:19.070741+00:00,Corcovado,1508-05-,0,0,GREEN,0
2026-04-24T14:55:19.070741+00:00,Melimoyu,1508-052,0,0,GREEN,0
2026-04-24T14:55:19.070741+00:00,Mentolat,1508-054,0,0,GREEN,0
2026-04-24T14:55:19.070741+00:00,Cay,1508-055,0,0,GREEN,0
2026-04-24T14:55:19.070741+00:00,Maca,1508-056,0,0,GREEN,0
2026-04-24T14:55:19.070741+00:00,Hudson,1508-057,0,0,GREEN,0
2026-04-24T14:55:19.070741+00:00,Wai Sano (IDN),0604-06-,32,185,YELLOW,249
2026-04-24T14:55:19.070741+00:00,Ranakah (IDN),0604-071,0,312,GREEN,312
2026-04-24T14:55:19.070741+00:00,Ambrym (VUT),0507-04-,1,21,YELLOW,23
2026-04-24T14:55:19.070741+00:00,Jingbo (CHN),1005-04-,0,5,GREEN,5
2026-04-24T14:55:19.070741+00:00,Kishb Harrat (SAU),0301-071,0,288,GREEN,288
2026-04-24T15:00:26.346706+00:00,Acatenango,1402-09-,0,0,GREEN,0
2026-04-24T15:00:26.346706+00:00,Fuego,1402-10-,0,0,GREEN,0
2026-04-24T15:00:26.346706+00:00,Agua,1402-111,0,0,GREEN,0
2026-04-24T15:00:26.346706+00:00,Concepcion (NIC),1404-12-,5,60,YELLOW,70
2026-04-24T15:00:26.346706+00:00,Maderas (NIC),1404-13-,4,62,YELLOW,70
2026-04-24T15:00:26.346706+00:00,Orosi (CRI),1405-01-,0,70,GREEN,70
2026-04-24T15:00:26.346706+00:00,Rincon de la Vieja (CRI),1405-02-,0,70,GREEN,70
2026-04-24T15:00:26.346706+00:00,Taapaca,1505-011,0,0,GREEN,0
2026-04-24T15:00:26.346706+00:00,Parinacota,1505-012,0,0,GREEN,0
2026-04-24T15:00:26.346706+00:00,Guallatiri,1505-02-,0,0,GREEN,0
2026-04-24T15:00:26.346706+00:00,Isluga,1505-03-,0,0,GREEN,0
2026-04-24T15:00:26.346706+00:00,Irruputuncu,1505-04-,0,0,GREEN,0
2026-04-24T15:00:26.346706+00:00,Ollague,1505-06-,0,0,GREEN,0
2026-04-24T15:00:26.346706+00:00,San Pedro,1505-07-,0,0,GREEN,0
2026-04-24T15:00:26.346706+00:00,Lascar,1505-10-,0,0,GREEN,0
2026-04-24T15:00:26.346706+00:00,Tupungatito,1507-01-,0,0,GREEN,0
2026-04-24T15:00:26.346706+00:00,San Jose,1507-02-,0,0,GREEN,0
2026-04-24T15:00:26.346706+00:00,Tinguiririca,1507-03-,0,0,GREEN,0
2026-04-24T15:00:26.346706+00:00,Planchon-Peteroa,1507-04-,0,0,GREEN,0
2026-04-24T15:00:26.346706+00:00,Descabezado Grande,1507-05-,0,0,GREEN,0
2026-04-24T15:00:26.346706+00:00,Tatara-San Pedro,1507-062,0,0,GREEN,0
2026-04-24T15:00:26.346706+00:00,Laguna del Maule,1507-061,0,0,GREEN,0
2026-04-24T15:00:26.346706+00:00,Nevado de Longavi,1507-063,0,0,GREEN,0
2026-04-24T15:00:26.346706+00:00,Nevados de Chillan,1507-07-,0,0,GREEN,0
2026-04-24T15:00:26.346706+00:00,Antuco,1507-08-,0,0,GREEN,0
2026-04-24T15:00:26.346706+00:00,Copahue,1507-09-,0,0,GREEN,0
2026-04-24T15:00:26.346706+00:00,Callaqui,1507-091,0,0,GREEN,0
2026-04-24T15:00:26.346706+00:00,Lonquimay,1507-10-,0,0,GREEN,0
2026-04-24T15:00:26.346706+00:00,Llaima,1507-11-,0,0,GREEN,0
2026-04-24T15:00:26.346706+00:00,Sollipulli,1507-111,0,0,GREEN,0
2026-04-24T15:00:26.346706+00:00,Villarrica,1507-12-,0,0,GREEN,0
2026-04-24T15:00:26.346706+00:00,Quetrupillan,1507-121,0,0,GREEN,0
2026-04-24T15:00:26.346706+00:00,Lanin,1507-122,0,0,GREEN,0
2026-04-24T15:00:26.346706+00:00,Mocho-Choshuenco,1507-13-,0,0,GREEN,0
2026-04-24T15:00:26.346706+00:00,Carran - Los Venados,1507-14-,0,0,GREEN,0
2026-04-24T15:00:26.346706+00:00,Puyehue - Cordon Caulle,1507-15-,0,0,GREEN,0
2026-04-24T15:00:26.346706+00:00,Antillanca - Casablanca,1507-153,0,0,GREEN,0
2026-04-24T15:00:26.346706+00:00,Osorno,1508-01-,0,0,GREEN,0
2026-04-24T15:00:26.346706+00:00,Calbuco,1508-02-,0,0,GREEN,0
2026-04-24T15:00:26.346706+00:00,Yate,1508-022,0,0,GREEN,0
2026-04-24T15:00:26.346706+00:00,Hornopiren,1508-023,0,0,GREEN,0
2026-04-24T15:00:26.346706+00:00,Huequi,1508-03-,0,0,GREEN,0
2026-04-24T15:00:26.346706+00:00,Michinmahuida,1508-04-,0,0,GREEN,0
2026-04-24T15:00:26.346706+00:00,Chaiten,1508-041,0,0,GREEN,0
2026-04-24T15:00:26.346706+00:00,Corcovado,1508-05-,0,0,GREEN,0
2026-04-24T15:00:26.346706+00:00,Melimoyu,1508-052,0,0,GREEN,0
2026-04-24T15:00:26.346706+00:00,Mentolat,1508-054,0,0,GREEN,0
2026-04-24T15:00:26.346706+00:00,Cay,1508-055,0,0,GREEN,0
2026-04-24T15:00:26.346706+00:00,Maca,1508-056,0,0,GREEN,0
2026-04-24T15:00:26.346706+00:00,Hudson,1508-057,0,0,GREEN,0
2026-04-24T15:00:26.346706+00:00,Wai Sano (IDN),0604-06-,26,192,YELLOW,244
2026-04-24T15:00:26.346706+00:00,Ranakah (IDN),0604-071,1,305,YELLOW,307
2026-04-24T15:00:26.346706+00:00,Ambrym (VUT),0507-04-,1,17,YELLOW,19
2026-04-24T15:00:26.346706+00:00,Jingbo (CHN),1005-04-,0,5,GREEN,5
2026-04-24T15:00:26.346706+00:00,Kishb Harrat (SAU),0301-071,0,303,GREEN,303
2026-04-24T15:05:25.974058+00:00,Acatenango,1402-09-,0,0,GREEN,0
2026-04-24T15:05:25.974058+00:00,Fuego,1402-10-,0,0,GREEN,0
2026-04-24T15:05:25.974058+00:00,Agua,1402-111,0,0,GREEN,0
2026-04-24T15:05:25.974058+00:00,Concepcion (NIC),1404-12-,6,44,YELLOW,56
2026-04-24T15:05:25.974058+00:00,Maderas (NIC),1404-13-,4,48,YELLOW,56
2026-04-24T15:05:25.974058+00:00,Orosi (CRI),1405-01-,0,56,GREEN,56
2026-04-24T15:05:25.974058+00:00,Rincon de la Vieja (CRI),1405-02-,0,56,GREEN,56
2026-04-24T15:05:25.974058+00:00,Taapaca,1505-011,0,0,GREEN,0
2026-04-24T15:05:25.974058+00:00,Parinacota,1505-012,0,0,GREEN,0
2026-04-24T15:05:25.974058+00:00,Guallatiri,1505-02-,0,0,GREEN,0
2026-04-24T15:05:25.974058+00:00,Isluga,1505-03-,0,0,GREEN,0
2026-04-24T15:05:25.974058+00:00,Irruputuncu,1505-04-,0,0,GREEN,0
2026-04-24T15:05:25.974058+00:00,Ollague,1505-06-,0,0,GREEN,0
2026-04-24T15:05:25.974058+00:00,San Pedro,1505-07-,0,0,GREEN,0
2026-04-24T15:05:25.974058+00:00,Lascar,1505-10-,0,0,GREEN,0
2026-04-24T15:05:25.974058+00:00,Tupungatito,1507-01-,0,0,GREEN,0
2026-04-24T15:05:25.974058+00:00,San Jose,1507-02-,0,0,GREEN,0
2026-04-24T15:05:25.974058+00:00,Tinguiririca,1507-03-,0,0,GREEN,0
2026-04-24T15:05:25.974058+00:00,Planchon-Peteroa,1507-04-,0,0,GREEN,0
2026-04-24T15:05:25.974058+00:00,Descabezado Grande,1507-05-,0,0,GREEN,0
2026-04-24T15:05:25.974058+00:00,Tatara-San Pedro,1507-062,0,0,GREEN,0
2026-04-24T15:05:25.974058+00:00,Laguna del Maule,1507-061,0,0,GREEN,0
2026-04-24T15:05:25.974058+00:00,Nevado de Longavi,1507-063,0,0,GREEN,0
2026-04-24T15:05:25.974058+00:00,Nevados de Chillan,1507-07-,0,0,GREEN,0
2026-04-24T15:05:25.974058+00:00,Antuco,1507-08-,0,0,GREEN,0
2026-04-24T15:05:25.974058+00:00,Copahue,1507-09-,0,0,GREEN,0
2026-04-24T15:05:25.974058+00:00,Callaqui,1507-091,0,0,GREEN,0
2026-04-24T15:05:25.974058+00:00,Lonquimay,1507-10-,0,0,GREEN,0
2026-04-24T15:05:25.974058+00:00,Llaima,1507-11-,0,0,GREEN,0
2026-04-24T15:05:25.974058+00:00,Sollipulli,1507-111,0,0,GREEN,0
2026-04-24T15:05:25.974058+00:00,Villarrica,1507-12-,0,0,GREEN,0
2026-04-24T15:05:25.974058+00:00,Quetrupillan,1507-121,0,0,GREEN,0
2026-04-24T15:05:25.974058+00:00,Lanin,1507-122,0,0,GREEN,0
2026-04-24T15:05:25.974058+00:00,Mocho-Choshuenco,1507-13-,0,0,GREEN,0
2026-04-24T15:05:25.974058+00:00,Carran - Los Venados,1507-14-,0,0,GREEN,0
2026-04-24T15:05:25.974058+00:00,Puyehue - Cordon Caulle,1507-15-,0,0,GREEN,0
2026-04-24T15:05:25.974058+00:00,Antillanca - Casablanca,1507-153,0,0,GREEN,0
2026-04-24T15:05:25.974058+00:00,Osorno,1508-01-,0,0,GREEN,0
2026-04-24T15:05:25.974058+00:00,Calbuco,1508-02-,0,0,GREEN,0
2026-04-24T15:05:25.974058+00:00,Yate,1508-022,0,0,GREEN,0
2026-04-24T15:05:25.974058+00:00,Hornopiren,1508-023,0,0,GREEN,0
2026-04-24T15:05:25.974058+00:00,Huequi,1508-03-,0,0,GREEN,0
2026-04-24T15:05:25.974058+00:00,Michinmahuida,1508-04-,0,0,GREEN,0
2026-04-24T15:05:25.974058+00:00,Chaiten,1508-041,0,0,GREEN,0
2026-04-24T15:05:25.974058+00:00,Corcovado,1508-05-,0,0,GREEN,0
2026-04-24T15:05:25.974058+00:00,Melimoyu,1508-052,0,0,GREEN,0
2026-04-24T15:05:25.974058+00:00,Mentolat,1508-054,0,0,GREEN,0
2026-04-24T15:05:25.974058+00:00,Cay,1508-055,0,0,GREEN,0
2026-04-24T15:05:25.974058+00:00,Maca,1508-056,0,0,GREEN,0
2026-04-24T15:05:25.974058+00:00,Hudson,1508-057,0,0,GREEN,0
2026-04-24T15:05:25.974058+00:00,Wai Sano (IDN),0604-06-,23,200,YELLOW,246
2026-04-24T15:05:25.974058+00:00,Ranakah (IDN),0604-071,1,304,YELLOW,306
2026-04-24T15:05:25.974058+00:00,Ambrym (VUT),0507-04-,0,14,GREEN,14
2026-04-24T15:05:25.974058+00:00,Jingbo (CHN),1005-04-,0,3,GREEN,3
2026-04-24T15:05:25.974058+00:00,Kishb Harrat (SAU),0301-071,0,320,GREEN,320
