scan_utc,volcano,wwlln_id,inner_strokes,outer_strokes,alert,n_stroke_positions
2026-07-13T02:40:50.313610+00:00,Acatenango,1402-09-,0,35,GREEN,35
2026-07-13T02:40:50.313610+00:00,Fuego,1402-10-,0,102,GREEN,102
2026-07-13T02:40:50.313610+00:00,Agua,1402-111,2,350,YELLOW,354
2026-07-13T02:40:50.313610+00:00,Concepcion (NIC),1404-12-,0,0,GREEN,0
2026-07-13T02:40:50.313610+00:00,Maderas (NIC),1404-13-,0,0,GREEN,0
2026-07-13T02:40:50.313610+00:00,Orosi (CRI),1405-01-,0,0,GREEN,0
2026-07-13T02:40:50.313610+00:00,Rincon de la Vieja (CRI),1405-02-,0,0,GREEN,0
2026-07-13T02:40:50.313610+00:00,Taapaca,1505-011,0,0,GREEN,0
2026-07-13T02:40:50.313610+00:00,Parinacota,1505-012,0,0,GREEN,0
2026-07-13T02:40:50.313610+00:00,Guallatiri,1505-02-,0,0,GREEN,0
2026-07-13T02:40:50.313610+00:00,Isluga,1505-03-,0,0,GREEN,0
2026-07-13T02:40:50.313610+00:00,Irruputuncu,1505-04-,0,0,GREEN,0
2026-07-13T02:40:50.313610+00:00,Ollague,1505-06-,0,0,GREEN,0
2026-07-13T02:40:50.313610+00:00,San Pedro,1505-07-,0,0,GREEN,0
2026-07-13T02:40:50.313610+00:00,Lascar,1505-10-,0,0,GREEN,0
2026-07-13T02:40:50.313610+00:00,Tupungatito,1507-01-,0,0,GREEN,0
2026-07-13T02:40:50.313610+00:00,San Jose,1507-02-,0,0,GREEN,0
2026-07-13T02:40:50.313610+00:00,Tinguiririca,1507-03-,0,0,GREEN,0
2026-07-13T02:40:50.313610+00:00,Planchon-Peteroa,1507-04-,0,0,GREEN,0
2026-07-13T02:40:50.313610+00:00,Descabezado Grande,1507-05-,0,0,GREEN,0
2026-07-13T02:40:50.313610+00:00,Tatara-San Pedro,1507-062,0,0,GREEN,0
2026-07-13T02:40:50.313610+00:00,Laguna del Maule,1507-061,0,0,GREEN,0
2026-07-13T02:40:50.313610+00:00,Nevado de Longavi,1507-063,0,0,GREEN,0
2026-07-13T02:40:50.313610+00:00,Nevados de Chillan,1507-07-,0,0,GREEN,0
2026-07-13T02:40:50.313610+00:00,Antuco,1507-08-,0,0,GREEN,0
2026-07-13T02:40:50.313610+00:00,Copahue,1507-09-,0,0,GREEN,0
2026-07-13T02:40:50.313610+00:00,Callaqui,1507-091,0,0,GREEN,0
2026-07-13T02:40:50.313610+00:00,Lonquimay,1507-10-,0,0,GREEN,0
2026-07-13T02:40:50.313610+00:00,Llaima,1507-11-,0,0,GREEN,0
2026-07-13T02:40:50.313610+00:00,Sollipulli,1507-111,0,0,GREEN,0
2026-07-13T02:40:50.313610+00:00,Villarrica,1507-12-,0,0,GREEN,0
2026-07-13T02:40:50.313610+00:00,Quetrupillan,1507-121,0,0,GREEN,0
2026-07-13T02:40:50.313610+00:00,Lanin,1507-122,0,0,GREEN,0
2026-07-13T02:40:50.313610+00:00,Mocho-Choshuenco,1507-13-,0,0,GREEN,0
2026-07-13T02:40:50.313610+00:00,Carran - Los Venados,1507-14-,0,0,GREEN,0
2026-07-13T02:40:50.313610+00:00,Puyehue - Cordon Caulle,1507-15-,0,0,GREEN,0
2026-07-13T02:40:50.313610+00:00,Antillanca - Casablanca,1507-153,0,0,GREEN,0
2026-07-13T02:40:50.313610+00:00,Osorno,1508-01-,0,0,GREEN,0
2026-07-13T02:40:50.313610+00:00,Calbuco,1508-02-,0,0,GREEN,0
2026-07-13T02:40:50.313610+00:00,Yate,1508-022,0,0,GREEN,0
2026-07-13T02:40:50.313610+00:00,Hornopiren,1508-023,0,0,GREEN,0
2026-07-13T02:40:50.313610+00:00,Huequi,1508-03-,0,0,GREEN,0
2026-07-13T02:40:50.313610+00:00,Michinmahuida,1508-04-,0,0,GREEN,0
2026-07-13T02:40:50.313610+00:00,Chaiten,1508-041,0,0,GREEN,0
2026-07-13T02:40:50.313610+00:00,Corcovado,1508-05-,0,0,GREEN,0
2026-07-13T02:40:50.313610+00:00,Melimoyu,1508-052,0,0,GREEN,0
2026-07-13T02:40:50.313610+00:00,Mentolat,1508-054,0,0,GREEN,0
2026-07-13T02:40:50.313610+00:00,Cay,1508-055,0,0,GREEN,0
2026-07-13T02:40:50.313610+00:00,Maca,1508-056,0,0,GREEN,0
2026-07-13T02:40:50.313610+00:00,Hudson,1508-057,0,0,GREEN,0
2026-07-13T02:40:50.313610+00:00,Wai Sano (IDN),0604-06-,0,0,GREEN,0
2026-07-13T02:40:50.313610+00:00,Ranakah (IDN),0604-071,0,0,GREEN,0
2026-07-13T02:40:50.313610+00:00,Ambrym (VUT),0507-04-,0,0,GREEN,0
2026-07-13T02:40:50.313610+00:00,Jingbo (CHN),1005-04-,0,0,GREEN,0
2026-07-13T02:40:50.313610+00:00,Kishb Harrat (SAU),0301-071,0,0,GREEN,0
2026-07-13T02:40:50.313610+00:00,Semeru (IDN),0603-30-,0,0,GREEN,0
2026-07-13T02:40:50.313610+00:00,Kavachi (SLB),0505-06-,0,0,GREEN,0
2026-07-13T02:45:30.581292+00:00,Acatenango,1402-09-,0,61,GREEN,61
2026-07-13T02:45:30.581292+00:00,Fuego,1402-10-,0,133,GREEN,133
2026-07-13T02:45:30.581292+00:00,Agua,1402-111,2,374,YELLOW,378
2026-07-13T02:45:30.581292+00:00,Concepcion (NIC),1404-12-,0,0,GREEN,0
2026-07-13T02:45:30.581292+00:00,Maderas (NIC),1404-13-,0,0,GREEN,0
2026-07-13T02:45:30.581292+00:00,Orosi (CRI),1405-01-,0,0,GREEN,0
2026-07-13T02:45:30.581292+00:00,Rincon de la Vieja (CRI),1405-02-,0,0,GREEN,0
2026-07-13T02:45:30.581292+00:00,Taapaca,1505-011,0,0,GREEN,0
2026-07-13T02:45:30.581292+00:00,Parinacota,1505-012,0,0,GREEN,0
2026-07-13T02:45:30.581292+00:00,Guallatiri,1505-02-,0,0,GREEN,0
2026-07-13T02:45:30.581292+00:00,Isluga,1505-03-,0,0,GREEN,0
2026-07-13T02:45:30.581292+00:00,Irruputuncu,1505-04-,0,0,GREEN,0
2026-07-13T02:45:30.581292+00:00,Ollague,1505-06-,0,0,GREEN,0
2026-07-13T02:45:30.581292+00:00,San Pedro,1505-07-,0,0,GREEN,0
2026-07-13T02:45:30.581292+00:00,Lascar,1505-10-,0,0,GREEN,0
2026-07-13T02:45:30.581292+00:00,Tupungatito,1507-01-,0,0,GREEN,0
2026-07-13T02:45:30.581292+00:00,San Jose,1507-02-,0,0,GREEN,0
2026-07-13T02:45:30.581292+00:00,Tinguiririca,1507-03-,0,0,GREEN,0
2026-07-13T02:45:30.581292+00:00,Planchon-Peteroa,1507-04-,0,0,GREEN,0
2026-07-13T02:45:30.581292+00:00,Descabezado Grande,1507-05-,0,0,GREEN,0
2026-07-13T02:45:30.581292+00:00,Tatara-San Pedro,1507-062,0,0,GREEN,0
2026-07-13T02:45:30.581292+00:00,Laguna del Maule,1507-061,0,0,GREEN,0
2026-07-13T02:45:30.581292+00:00,Nevado de Longavi,1507-063,0,0,GREEN,0
2026-07-13T02:45:30.581292+00:00,Nevados de Chillan,1507-07-,0,0,GREEN,0
2026-07-13T02:45:30.581292+00:00,Antuco,1507-08-,0,0,GREEN,0
2026-07-13T02:45:30.581292+00:00,Copahue,1507-09-,0,0,GREEN,0
2026-07-13T02:45:30.581292+00:00,Callaqui,1507-091,0,0,GREEN,0
2026-07-13T02:45:30.581292+00:00,Lonquimay,1507-10-,0,0,GREEN,0
2026-07-13T02:45:30.581292+00:00,Llaima,1507-11-,0,0,GREEN,0
2026-07-13T02:45:30.581292+00:00,Sollipulli,1507-111,0,0,GREEN,0
2026-07-13T02:45:30.581292+00:00,Villarrica,1507-12-,0,0,GREEN,0
2026-07-13T02:45:30.581292+00:00,Quetrupillan,1507-121,0,0,GREEN,0
2026-07-13T02:45:30.581292+00:00,Lanin,1507-122,0,0,GREEN,0
2026-07-13T02:45:30.581292+00:00,Mocho-Choshuenco,1507-13-,0,0,GREEN,0
2026-07-13T02:45:30.581292+00:00,Carran - Los Venados,1507-14-,0,0,GREEN,0
2026-07-13T02:45:30.581292+00:00,Puyehue - Cordon Caulle,1507-15-,0,0,GREEN,0
2026-07-13T02:45:30.581292+00:00,Antillanca - Casablanca,1507-153,0,0,GREEN,0
2026-07-13T02:45:30.581292+00:00,Osorno,1508-01-,0,0,GREEN,0
2026-07-13T02:45:30.581292+00:00,Calbuco,1508-02-,0,0,GREEN,0
2026-07-13T02:45:30.581292+00:00,Yate,1508-022,0,0,GREEN,0
2026-07-13T02:45:30.581292+00:00,Hornopiren,1508-023,0,0,GREEN,0
2026-07-13T02:45:30.581292+00:00,Huequi,1508-03-,0,0,GREEN,0
2026-07-13T02:45:30.581292+00:00,Michinmahuida,1508-04-,0,0,GREEN,0
2026-07-13T02:45:30.581292+00:00,Chaiten,1508-041,0,0,GREEN,0
2026-07-13T02:45:30.581292+00:00,Corcovado,1508-05-,0,0,GREEN,0
2026-07-13T02:45:30.581292+00:00,Melimoyu,1508-052,0,0,GREEN,0
2026-07-13T02:45:30.581292+00:00,Mentolat,1508-054,0,0,GREEN,0
2026-07-13T02:45:30.581292+00:00,Cay,1508-055,0,0,GREEN,0
2026-07-13T02:45:30.581292+00:00,Maca,1508-056,0,0,GREEN,0
2026-07-13T02:45:30.581292+00:00,Hudson,1508-057,0,0,GREEN,0
2026-07-13T02:45:30.581292+00:00,Wai Sano (IDN),0604-06-,0,0,GREEN,0
2026-07-13T02:45:30.581292+00:00,Ranakah (IDN),0604-071,0,0,GREEN,0
2026-07-13T02:45:30.581292+00:00,Ambrym (VUT),0507-04-,0,0,GREEN,0
2026-07-13T02:45:30.581292+00:00,Jingbo (CHN),1005-04-,0,0,GREEN,0
2026-07-13T02:45:30.581292+00:00,Kishb Harrat (SAU),0301-071,0,0,GREEN,0
2026-07-13T02:45:30.581292+00:00,Semeru (IDN),0603-30-,0,0,GREEN,0
2026-07-13T02:45:30.581292+00:00,Kavachi (SLB),0505-06-,0,0,GREEN,0
2026-07-13T02:50:42.196277+00:00,Acatenango,1402-09-,0,105,GREEN,105
2026-07-13T02:50:42.196277+00:00,Fuego,1402-10-,0,186,GREEN,186
2026-07-13T02:50:42.196277+00:00,Agua,1402-111,2,412,YELLOW,416
2026-07-13T02:50:42.196277+00:00,Concepcion (NIC),1404-12-,0,0,GREEN,0
2026-07-13T02:50:42.196277+00:00,Maderas (NIC),1404-13-,0,0,GREEN,0
2026-07-13T02:50:42.196277+00:00,Orosi (CRI),1405-01-,0,0,GREEN,0
2026-07-13T02:50:42.196277+00:00,Rincon de la Vieja (CRI),1405-02-,0,0,GREEN,0
2026-07-13T02:50:42.196277+00:00,Taapaca,1505-011,0,0,GREEN,0
2026-07-13T02:50:42.196277+00:00,Parinacota,1505-012,0,0,GREEN,0
2026-07-13T02:50:42.196277+00:00,Guallatiri,1505-02-,0,0,GREEN,0
2026-07-13T02:50:42.196277+00:00,Isluga,1505-03-,0,0,GREEN,0
2026-07-13T02:50:42.196277+00:00,Irruputuncu,1505-04-,0,0,GREEN,0
2026-07-13T02:50:42.196277+00:00,Ollague,1505-06-,0,0,GREEN,0
2026-07-13T02:50:42.196277+00:00,San Pedro,1505-07-,0,0,GREEN,0
2026-07-13T02:50:42.196277+00:00,Lascar,1505-10-,0,0,GREEN,0
2026-07-13T02:50:42.196277+00:00,Tupungatito,1507-01-,0,0,GREEN,0
2026-07-13T02:50:42.196277+00:00,San Jose,1507-02-,0,0,GREEN,0
2026-07-13T02:50:42.196277+00:00,Tinguiririca,1507-03-,0,0,GREEN,0
2026-07-13T02:50:42.196277+00:00,Planchon-Peteroa,1507-04-,0,0,GREEN,0
2026-07-13T02:50:42.196277+00:00,Descabezado Grande,1507-05-,0,0,GREEN,0
2026-07-13T02:50:42.196277+00:00,Tatara-San Pedro,1507-062,0,0,GREEN,0
2026-07-13T02:50:42.196277+00:00,Laguna del Maule,1507-061,0,0,GREEN,0
2026-07-13T02:50:42.196277+00:00,Nevado de Longavi,1507-063,0,0,GREEN,0
2026-07-13T02:50:42.196277+00:00,Nevados de Chillan,1507-07-,0,0,GREEN,0
2026-07-13T02:50:42.196277+00:00,Antuco,1507-08-,0,0,GREEN,0
2026-07-13T02:50:42.196277+00:00,Copahue,1507-09-,0,0,GREEN,0
2026-07-13T02:50:42.196277+00:00,Callaqui,1507-091,0,0,GREEN,0
2026-07-13T02:50:42.196277+00:00,Lonquimay,1507-10-,0,0,GREEN,0
2026-07-13T02:50:42.196277+00:00,Llaima,1507-11-,0,0,GREEN,0
2026-07-13T02:50:42.196277+00:00,Sollipulli,1507-111,0,0,GREEN,0
2026-07-13T02:50:42.196277+00:00,Villarrica,1507-12-,0,0,GREEN,0
2026-07-13T02:50:42.196277+00:00,Quetrupillan,1507-121,0,0,GREEN,0
2026-07-13T02:50:42.196277+00:00,Lanin,1507-122,0,0,GREEN,0
2026-07-13T02:50:42.196277+00:00,Mocho-Choshuenco,1507-13-,0,0,GREEN,0
2026-07-13T02:50:42.196277+00:00,Carran - Los Venados,1507-14-,0,0,GREEN,0
2026-07-13T02:50:42.196277+00:00,Puyehue - Cordon Caulle,1507-15-,0,0,GREEN,0
2026-07-13T02:50:42.196277+00:00,Antillanca - Casablanca,1507-153,0,0,GREEN,0
2026-07-13T02:50:42.196277+00:00,Osorno,1508-01-,0,0,GREEN,0
2026-07-13T02:50:42.196277+00:00,Calbuco,1508-02-,0,0,GREEN,0
2026-07-13T02:50:42.196277+00:00,Yate,1508-022,0,0,GREEN,0
2026-07-13T02:50:42.196277+00:00,Hornopiren,1508-023,0,0,GREEN,0
2026-07-13T02:50:42.196277+00:00,Huequi,1508-03-,0,0,GREEN,0
2026-07-13T02:50:42.196277+00:00,Michinmahuida,1508-04-,0,0,GREEN,0
2026-07-13T02:50:42.196277+00:00,Chaiten,1508-041,0,0,GREEN,0
2026-07-13T02:50:42.196277+00:00,Corcovado,1508-05-,0,0,GREEN,0
2026-07-13T02:50:42.196277+00:00,Melimoyu,1508-052,0,0,GREEN,0
2026-07-13T02:50:42.196277+00:00,Mentolat,1508-054,0,0,GREEN,0
2026-07-13T02:50:42.196277+00:00,Cay,1508-055,0,0,GREEN,0
2026-07-13T02:50:42.196277+00:00,Maca,1508-056,0,0,GREEN,0
2026-07-13T02:50:42.196277+00:00,Hudson,1508-057,0,0,GREEN,0
2026-07-13T02:50:42.196277+00:00,Wai Sano (IDN),0604-06-,0,0,GREEN,0
2026-07-13T02:50:42.196277+00:00,Ranakah (IDN),0604-071,0,0,GREEN,0
2026-07-13T02:50:42.196277+00:00,Ambrym (VUT),0507-04-,0,0,GREEN,0
2026-07-13T02:50:42.196277+00:00,Jingbo (CHN),1005-04-,0,0,GREEN,0
2026-07-13T02:50:42.196277+00:00,Kishb Harrat (SAU),0301-071,0,0,GREEN,0
2026-07-13T02:50:42.196277+00:00,Semeru (IDN),0603-30-,0,0,GREEN,0
2026-07-13T02:50:42.196277+00:00,Kavachi (SLB),0505-06-,0,0,GREEN,0
2026-07-13T02:55:30.366187+00:00,Acatenango,1402-09-,0,133,GREEN,133
2026-07-13T02:55:30.366187+00:00,Fuego,1402-10-,0,219,GREEN,219
2026-07-13T02:55:30.366187+00:00,Agua,1402-111,3,434,YELLOW,440
2026-07-13T02:55:30.366187+00:00,Concepcion (NIC),1404-12-,0,0,GREEN,0
2026-07-13T02:55:30.366187+00:00,Maderas (NIC),1404-13-,0,0,GREEN,0
2026-07-13T02:55:30.366187+00:00,Orosi (CRI),1405-01-,0,0,GREEN,0
2026-07-13T02:55:30.366187+00:00,Rincon de la Vieja (CRI),1405-02-,0,0,GREEN,0
2026-07-13T02:55:30.366187+00:00,Taapaca,1505-011,0,0,GREEN,0
2026-07-13T02:55:30.366187+00:00,Parinacota,1505-012,0,0,GREEN,0
2026-07-13T02:55:30.366187+00:00,Guallatiri,1505-02-,0,0,GREEN,0
2026-07-13T02:55:30.366187+00:00,Isluga,1505-03-,0,0,GREEN,0
2026-07-13T02:55:30.366187+00:00,Irruputuncu,1505-04-,0,0,GREEN,0
2026-07-13T02:55:30.366187+00:00,Ollague,1505-06-,0,0,GREEN,0
2026-07-13T02:55:30.366187+00:00,San Pedro,1505-07-,0,0,GREEN,0
2026-07-13T02:55:30.366187+00:00,Lascar,1505-10-,0,0,GREEN,0
2026-07-13T02:55:30.366187+00:00,Tupungatito,1507-01-,0,0,GREEN,0
2026-07-13T02:55:30.366187+00:00,San Jose,1507-02-,0,0,GREEN,0
2026-07-13T02:55:30.366187+00:00,Tinguiririca,1507-03-,0,0,GREEN,0
2026-07-13T02:55:30.366187+00:00,Planchon-Peteroa,1507-04-,0,0,GREEN,0
2026-07-13T02:55:30.366187+00:00,Descabezado Grande,1507-05-,0,0,GREEN,0
2026-07-13T02:55:30.366187+00:00,Tatara-San Pedro,1507-062,0,0,GREEN,0
2026-07-13T02:55:30.366187+00:00,Laguna del Maule,1507-061,0,0,GREEN,0
2026-07-13T02:55:30.366187+00:00,Nevado de Longavi,1507-063,0,0,GREEN,0
2026-07-13T02:55:30.366187+00:00,Nevados de Chillan,1507-07-,0,0,GREEN,0
2026-07-13T02:55:30.366187+00:00,Antuco,1507-08-,0,0,GREEN,0
2026-07-13T02:55:30.366187+00:00,Copahue,1507-09-,0,0,GREEN,0
2026-07-13T02:55:30.366187+00:00,Callaqui,1507-091,0,0,GREEN,0
2026-07-13T02:55:30.366187+00:00,Lonquimay,1507-10-,0,0,GREEN,0
2026-07-13T02:55:30.366187+00:00,Llaima,1507-11-,0,0,GREEN,0
2026-07-13T02:55:30.366187+00:00,Sollipulli,1507-111,0,0,GREEN,0
2026-07-13T02:55:30.366187+00:00,Villarrica,1507-12-,0,0,GREEN,0
2026-07-13T02:55:30.366187+00:00,Quetrupillan,1507-121,0,0,GREEN,0
2026-07-13T02:55:30.366187+00:00,Lanin,1507-122,0,0,GREEN,0
2026-07-13T02:55:30.366187+00:00,Mocho-Choshuenco,1507-13-,0,0,GREEN,0
2026-07-13T02:55:30.366187+00:00,Carran - Los Venados,1507-14-,0,0,GREEN,0
2026-07-13T02:55:30.366187+00:00,Puyehue - Cordon Caulle,1507-15-,0,0,GREEN,0
2026-07-13T02:55:30.366187+00:00,Antillanca - Casablanca,1507-153,0,0,GREEN,0
2026-07-13T02:55:30.366187+00:00,Osorno,1508-01-,0,0,GREEN,0
2026-07-13T02:55:30.366187+00:00,Calbuco,1508-02-,0,0,GREEN,0
2026-07-13T02:55:30.366187+00:00,Yate,1508-022,0,0,GREEN,0
2026-07-13T02:55:30.366187+00:00,Hornopiren,1508-023,0,0,GREEN,0
2026-07-13T02:55:30.366187+00:00,Huequi,1508-03-,0,0,GREEN,0
2026-07-13T02:55:30.366187+00:00,Michinmahuida,1508-04-,0,0,GREEN,0
2026-07-13T02:55:30.366187+00:00,Chaiten,1508-041,0,0,GREEN,0
2026-07-13T02:55:30.366187+00:00,Corcovado,1508-05-,0,0,GREEN,0
2026-07-13T02:55:30.366187+00:00,Melimoyu,1508-052,0,0,GREEN,0
2026-07-13T02:55:30.366187+00:00,Mentolat,1508-054,0,0,GREEN,0
2026-07-13T02:55:30.366187+00:00,Cay,1508-055,0,0,GREEN,0
2026-07-13T02:55:30.366187+00:00,Maca,1508-056,0,0,GREEN,0
2026-07-13T02:55:30.366187+00:00,Hudson,1508-057,0,0,GREEN,0
2026-07-13T02:55:30.366187+00:00,Wai Sano (IDN),0604-06-,0,0,GREEN,0
2026-07-13T02:55:30.366187+00:00,Ranakah (IDN),0604-071,0,0,GREEN,0
2026-07-13T02:55:30.366187+00:00,Ambrym (VUT),0507-04-,0,0,GREEN,0
2026-07-13T02:55:30.366187+00:00,Jingbo (CHN),1005-04-,0,0,GREEN,0
2026-07-13T02:55:30.366187+00:00,Kishb Harrat (SAU),0301-071,0,0,GREEN,0
2026-07-13T02:55:30.366187+00:00,Semeru (IDN),0603-30-,0,0,GREEN,0
2026-07-13T02:55:30.366187+00:00,Kavachi (SLB),0505-06-,0,0,GREEN,0
2026-07-13T03:00:46.792957+00:00,Acatenango,1402-09-,0,197,GREEN,197
2026-07-13T03:00:46.792957+00:00,Fuego,1402-10-,0,283,GREEN,283
2026-07-13T03:00:46.792957+00:00,Agua,1402-111,3,472,YELLOW,478
2026-07-13T03:00:46.792957+00:00,Concepcion (NIC),1404-12-,0,0,GREEN,0
2026-07-13T03:00:46.792957+00:00,Maderas (NIC),1404-13-,0,0,GREEN,0
2026-07-13T03:00:46.792957+00:00,Orosi (CRI),1405-01-,0,0,GREEN,0
2026-07-13T03:00:46.792957+00:00,Rincon de la Vieja (CRI),1405-02-,0,0,GREEN,0
2026-07-13T03:00:46.792957+00:00,Taapaca,1505-011,0,0,GREEN,0
2026-07-13T03:00:46.792957+00:00,Parinacota,1505-012,0,0,GREEN,0
2026-07-13T03:00:46.792957+00:00,Guallatiri,1505-02-,0,0,GREEN,0
2026-07-13T03:00:46.792957+00:00,Isluga,1505-03-,0,0,GREEN,0
2026-07-13T03:00:46.792957+00:00,Irruputuncu,1505-04-,0,0,GREEN,0
2026-07-13T03:00:46.792957+00:00,Ollague,1505-06-,0,0,GREEN,0
2026-07-13T03:00:46.792957+00:00,San Pedro,1505-07-,0,0,GREEN,0
2026-07-13T03:00:46.792957+00:00,Lascar,1505-10-,0,0,GREEN,0
2026-07-13T03:00:46.792957+00:00,Tupungatito,1507-01-,0,0,GREEN,0
2026-07-13T03:00:46.792957+00:00,San Jose,1507-02-,0,0,GREEN,0
2026-07-13T03:00:46.792957+00:00,Tinguiririca,1507-03-,0,0,GREEN,0
2026-07-13T03:00:46.792957+00:00,Planchon-Peteroa,1507-04-,0,0,GREEN,0
2026-07-13T03:00:46.792957+00:00,Descabezado Grande,1507-05-,0,0,GREEN,0
2026-07-13T03:00:46.792957+00:00,Tatara-San Pedro,1507-062,0,0,GREEN,0
2026-07-13T03:00:46.792957+00:00,Laguna del Maule,1507-061,0,0,GREEN,0
2026-07-13T03:00:46.792957+00:00,Nevado de Longavi,1507-063,0,0,GREEN,0
2026-07-13T03:00:46.792957+00:00,Nevados de Chillan,1507-07-,0,0,GREEN,0
2026-07-13T03:00:46.792957+00:00,Antuco,1507-08-,0,0,GREEN,0
2026-07-13T03:00:46.792957+00:00,Copahue,1507-09-,0,0,GREEN,0
2026-07-13T03:00:46.792957+00:00,Callaqui,1507-091,0,0,GREEN,0
2026-07-13T03:00:46.792957+00:00,Lonquimay,1507-10-,0,0,GREEN,0
2026-07-13T03:00:46.792957+00:00,Llaima,1507-11-,0,0,GREEN,0
2026-07-13T03:00:46.792957+00:00,Sollipulli,1507-111,0,0,GREEN,0
2026-07-13T03:00:46.792957+00:00,Villarrica,1507-12-,0,0,GREEN,0
2026-07-13T03:00:46.792957+00:00,Quetrupillan,1507-121,0,0,GREEN,0
2026-07-13T03:00:46.792957+00:00,Lanin,1507-122,0,0,GREEN,0
2026-07-13T03:00:46.792957+00:00,Mocho-Choshuenco,1507-13-,0,0,GREEN,0
2026-07-13T03:00:46.792957+00:00,Carran - Los Venados,1507-14-,0,0,GREEN,0
2026-07-13T03:00:46.792957+00:00,Puyehue - Cordon Caulle,1507-15-,0,0,GREEN,0
2026-07-13T03:00:46.792957+00:00,Antillanca - Casablanca,1507-153,0,0,GREEN,0
2026-07-13T03:00:46.792957+00:00,Osorno,1508-01-,0,0,GREEN,0
2026-07-13T03:00:46.792957+00:00,Calbuco,1508-02-,0,0,GREEN,0
2026-07-13T03:00:46.792957+00:00,Yate,1508-022,0,0,GREEN,0
2026-07-13T03:00:46.792957+00:00,Hornopiren,1508-023,0,0,GREEN,0
2026-07-13T03:00:46.792957+00:00,Huequi,1508-03-,0,0,GREEN,0
2026-07-13T03:00:46.792957+00:00,Michinmahuida,1508-04-,0,0,GREEN,0
2026-07-13T03:00:46.792957+00:00,Chaiten,1508-041,0,0,GREEN,0
2026-07-13T03:00:46.792957+00:00,Corcovado,1508-05-,0,0,GREEN,0
2026-07-13T03:00:46.792957+00:00,Melimoyu,1508-052,0,0,GREEN,0
2026-07-13T03:00:46.792957+00:00,Mentolat,1508-054,0,0,GREEN,0
2026-07-13T03:00:46.792957+00:00,Cay,1508-055,0,0,GREEN,0
2026-07-13T03:00:46.792957+00:00,Maca,1508-056,0,0,GREEN,0
2026-07-13T03:00:46.792957+00:00,Hudson,1508-057,0,0,GREEN,0
2026-07-13T03:00:46.792957+00:00,Wai Sano (IDN),0604-06-,0,0,GREEN,0
2026-07-13T03:00:46.792957+00:00,Ranakah (IDN),0604-071,0,0,GREEN,0
2026-07-13T03:00:46.792957+00:00,Ambrym (VUT),0507-04-,0,0,GREEN,0
2026-07-13T03:00:46.792957+00:00,Jingbo (CHN),1005-04-,0,0,GREEN,0
2026-07-13T03:00:46.792957+00:00,Kishb Harrat (SAU),0301-071,0,0,GREEN,0
2026-07-13T03:00:46.792957+00:00,Semeru (IDN),0603-30-,0,0,GREEN,0
2026-07-13T03:00:46.792957+00:00,Kavachi (SLB),0505-06-,0,0,GREEN,0
2026-07-13T03:05:30.212726+00:00,Acatenango,1402-09-,0,236,GREEN,236
2026-07-13T03:05:30.212726+00:00,Fuego,1402-10-,0,317,GREEN,317
2026-07-13T03:05:30.212726+00:00,Agua,1402-111,3,471,YELLOW,477
2026-07-13T03:05:30.212726+00:00,Concepcion (NIC),1404-12-,0,0,GREEN,0
2026-07-13T03:05:30.212726+00:00,Maderas (NIC),1404-13-,0,0,GREEN,0
2026-07-13T03:05:30.212726+00:00,Orosi (CRI),1405-01-,0,0,GREEN,0
2026-07-13T03:05:30.212726+00:00,Rincon de la Vieja (CRI),1405-02-,0,0,GREEN,0
2026-07-13T03:05:30.212726+00:00,Taapaca,1505-011,0,0,GREEN,0
2026-07-13T03:05:30.212726+00:00,Parinacota,1505-012,0,0,GREEN,0
2026-07-13T03:05:30.212726+00:00,Guallatiri,1505-02-,0,0,GREEN,0
2026-07-13T03:05:30.212726+00:00,Isluga,1505-03-,0,0,GREEN,0
2026-07-13T03:05:30.212726+00:00,Irruputuncu,1505-04-,0,0,GREEN,0
2026-07-13T03:05:30.212726+00:00,Ollague,1505-06-,0,0,GREEN,0
2026-07-13T03:05:30.212726+00:00,San Pedro,1505-07-,0,0,GREEN,0
2026-07-13T03:05:30.212726+00:00,Lascar,1505-10-,0,0,GREEN,0
2026-07-13T03:05:30.212726+00:00,Tupungatito,1507-01-,0,0,GREEN,0
2026-07-13T03:05:30.212726+00:00,San Jose,1507-02-,0,0,GREEN,0
2026-07-13T03:05:30.212726+00:00,Tinguiririca,1507-03-,0,0,GREEN,0
2026-07-13T03:05:30.212726+00:00,Planchon-Peteroa,1507-04-,0,0,GREEN,0
2026-07-13T03:05:30.212726+00:00,Descabezado Grande,1507-05-,0,0,GREEN,0
2026-07-13T03:05:30.212726+00:00,Tatara-San Pedro,1507-062,0,0,GREEN,0
2026-07-13T03:05:30.212726+00:00,Laguna del Maule,1507-061,0,0,GREEN,0
2026-07-13T03:05:30.212726+00:00,Nevado de Longavi,1507-063,0,0,GREEN,0
2026-07-13T03:05:30.212726+00:00,Nevados de Chillan,1507-07-,0,0,GREEN,0
2026-07-13T03:05:30.212726+00:00,Antuco,1507-08-,0,0,GREEN,0
2026-07-13T03:05:30.212726+00:00,Copahue,1507-09-,0,0,GREEN,0
2026-07-13T03:05:30.212726+00:00,Callaqui,1507-091,0,0,GREEN,0
2026-07-13T03:05:30.212726+00:00,Lonquimay,1507-10-,0,0,GREEN,0
2026-07-13T03:05:30.212726+00:00,Llaima,1507-11-,0,0,GREEN,0
2026-07-13T03:05:30.212726+00:00,Sollipulli,1507-111,0,0,GREEN,0
2026-07-13T03:05:30.212726+00:00,Villarrica,1507-12-,0,0,GREEN,0
2026-07-13T03:05:30.212726+00:00,Quetrupillan,1507-121,0,0,GREEN,0
2026-07-13T03:05:30.212726+00:00,Lanin,1507-122,0,0,GREEN,0
2026-07-13T03:05:30.212726+00:00,Mocho-Choshuenco,1507-13-,0,0,GREEN,0
2026-07-13T03:05:30.212726+00:00,Carran - Los Venados,1507-14-,0,0,GREEN,0
2026-07-13T03:05:30.212726+00:00,Puyehue - Cordon Caulle,1507-15-,0,0,GREEN,0
2026-07-13T03:05:30.212726+00:00,Antillanca - Casablanca,1507-153,0,0,GREEN,0
2026-07-13T03:05:30.212726+00:00,Osorno,1508-01-,0,0,GREEN,0
2026-07-13T03:05:30.212726+00:00,Calbuco,1508-02-,0,0,GREEN,0
2026-07-13T03:05:30.212726+00:00,Yate,1508-022,0,0,GREEN,0
2026-07-13T03:05:30.212726+00:00,Hornopiren,1508-023,0,0,GREEN,0
2026-07-13T03:05:30.212726+00:00,Huequi,1508-03-,0,0,GREEN,0
2026-07-13T03:05:30.212726+00:00,Michinmahuida,1508-04-,0,0,GREEN,0
2026-07-13T03:05:30.212726+00:00,Chaiten,1508-041,0,0,GREEN,0
2026-07-13T03:05:30.212726+00:00,Corcovado,1508-05-,0,0,GREEN,0
2026-07-13T03:05:30.212726+00:00,Melimoyu,1508-052,0,0,GREEN,0
2026-07-13T03:05:30.212726+00:00,Mentolat,1508-054,0,0,GREEN,0
2026-07-13T03:05:30.212726+00:00,Cay,1508-055,0,0,GREEN,0
2026-07-13T03:05:30.212726+00:00,Maca,1508-056,0,0,GREEN,0
2026-07-13T03:05:30.212726+00:00,Hudson,1508-057,0,0,GREEN,0
2026-07-13T03:05:30.212726+00:00,Wai Sano (IDN),0604-06-,0,0,GREEN,0
2026-07-13T03:05:30.212726+00:00,Ranakah (IDN),0604-071,0,0,GREEN,0
2026-07-13T03:05:30.212726+00:00,Ambrym (VUT),0507-04-,0,0,GREEN,0
2026-07-13T03:05:30.212726+00:00,Jingbo (CHN),1005-04-,0,0,GREEN,0
2026-07-13T03:05:30.212726+00:00,Kishb Harrat (SAU),0301-071,0,0,GREEN,0
2026-07-13T03:05:30.212726+00:00,Semeru (IDN),0603-30-,0,0,GREEN,0
2026-07-13T03:05:30.212726+00:00,Kavachi (SLB),0505-06-,0,0,GREEN,0
2026-07-13T03:10:38.518530+00:00,Acatenango,1402-09-,0,266,GREEN,266
2026-07-13T03:10:38.518530+00:00,Fuego,1402-10-,0,344,GREEN,344
2026-07-13T03:10:38.518530+00:00,Agua,1402-111,3,466,YELLOW,472
2026-07-13T03:10:38.518530+00:00,Concepcion (NIC),1404-12-,0,0,GREEN,0
2026-07-13T03:10:38.518530+00:00,Maderas (NIC),1404-13-,0,0,GREEN,0
2026-07-13T03:10:38.518530+00:00,Orosi (CRI),1405-01-,0,0,GREEN,0
2026-07-13T03:10:38.518530+00:00,Rincon de la Vieja (CRI),1405-02-,0,0,GREEN,0
2026-07-13T03:10:38.518530+00:00,Taapaca,1505-011,0,0,GREEN,0
2026-07-13T03:10:38.518530+00:00,Parinacota,1505-012,0,0,GREEN,0
2026-07-13T03:10:38.518530+00:00,Guallatiri,1505-02-,0,0,GREEN,0
2026-07-13T03:10:38.518530+00:00,Isluga,1505-03-,0,0,GREEN,0
2026-07-13T03:10:38.518530+00:00,Irruputuncu,1505-04-,0,0,GREEN,0
2026-07-13T03:10:38.518530+00:00,Ollague,1505-06-,0,0,GREEN,0
2026-07-13T03:10:38.518530+00:00,San Pedro,1505-07-,0,0,GREEN,0
2026-07-13T03:10:38.518530+00:00,Lascar,1505-10-,0,0,GREEN,0
2026-07-13T03:10:38.518530+00:00,Tupungatito,1507-01-,0,0,GREEN,0
2026-07-13T03:10:38.518530+00:00,San Jose,1507-02-,0,0,GREEN,0
2026-07-13T03:10:38.518530+00:00,Tinguiririca,1507-03-,0,0,GREEN,0
2026-07-13T03:10:38.518530+00:00,Planchon-Peteroa,1507-04-,0,0,GREEN,0
2026-07-13T03:10:38.518530+00:00,Descabezado Grande,1507-05-,0,0,GREEN,0
2026-07-13T03:10:38.518530+00:00,Tatara-San Pedro,1507-062,0,0,GREEN,0
2026-07-13T03:10:38.518530+00:00,Laguna del Maule,1507-061,0,0,GREEN,0
2026-07-13T03:10:38.518530+00:00,Nevado de Longavi,1507-063,0,0,GREEN,0
2026-07-13T03:10:38.518530+00:00,Nevados de Chillan,1507-07-,0,0,GREEN,0
2026-07-13T03:10:38.518530+00:00,Antuco,1507-08-,0,0,GREEN,0
2026-07-13T03:10:38.518530+00:00,Copahue,1507-09-,0,0,GREEN,0
2026-07-13T03:10:38.518530+00:00,Callaqui,1507-091,0,0,GREEN,0
2026-07-13T03:10:38.518530+00:00,Lonquimay,1507-10-,0,0,GREEN,0
2026-07-13T03:10:38.518530+00:00,Llaima,1507-11-,0,0,GREEN,0
2026-07-13T03:10:38.518530+00:00,Sollipulli,1507-111,0,0,GREEN,0
2026-07-13T03:10:38.518530+00:00,Villarrica,1507-12-,0,0,GREEN,0
2026-07-13T03:10:38.518530+00:00,Quetrupillan,1507-121,0,0,GREEN,0
2026-07-13T03:10:38.518530+00:00,Lanin,1507-122,0,0,GREEN,0
2026-07-13T03:10:38.518530+00:00,Mocho-Choshuenco,1507-13-,0,0,GREEN,0
2026-07-13T03:10:38.518530+00:00,Carran - Los Venados,1507-14-,0,0,GREEN,0
2026-07-13T03:10:38.518530+00:00,Puyehue - Cordon Caulle,1507-15-,0,0,GREEN,0
2026-07-13T03:10:38.518530+00:00,Antillanca - Casablanca,1507-153,0,0,GREEN,0
2026-07-13T03:10:38.518530+00:00,Osorno,1508-01-,0,0,GREEN,0
2026-07-13T03:10:38.518530+00:00,Calbuco,1508-02-,0,0,GREEN,0
2026-07-13T03:10:38.518530+00:00,Yate,1508-022,0,0,GREEN,0
2026-07-13T03:10:38.518530+00:00,Hornopiren,1508-023,0,0,GREEN,0
2026-07-13T03:10:38.518530+00:00,Huequi,1508-03-,0,0,GREEN,0
2026-07-13T03:10:38.518530+00:00,Michinmahuida,1508-04-,0,0,GREEN,0
2026-07-13T03:10:38.518530+00:00,Chaiten,1508-041,0,0,GREEN,0
2026-07-13T03:10:38.518530+00:00,Corcovado,1508-05-,0,0,GREEN,0
2026-07-13T03:10:38.518530+00:00,Melimoyu,1508-052,0,0,GREEN,0
2026-07-13T03:10:38.518530+00:00,Mentolat,1508-054,0,0,GREEN,0
2026-07-13T03:10:38.518530+00:00,Cay,1508-055,0,0,GREEN,0
2026-07-13T03:10:38.518530+00:00,Maca,1508-056,0,0,GREEN,0
2026-07-13T03:10:38.518530+00:00,Hudson,1508-057,0,0,GREEN,0
2026-07-13T03:10:38.518530+00:00,Wai Sano (IDN),0604-06-,0,0,GREEN,0
2026-07-13T03:10:38.518530+00:00,Ranakah (IDN),0604-071,0,0,GREEN,0
2026-07-13T03:10:38.518530+00:00,Ambrym (VUT),0507-04-,0,0,GREEN,0
2026-07-13T03:10:38.518530+00:00,Jingbo (CHN),1005-04-,0,0,GREEN,0
2026-07-13T03:10:38.518530+00:00,Kishb Harrat (SAU),0301-071,0,0,GREEN,0
2026-07-13T03:10:38.518530+00:00,Semeru (IDN),0603-30-,0,0,GREEN,0
2026-07-13T03:10:38.518530+00:00,Kavachi (SLB),0505-06-,0,0,GREEN,0
2026-07-13T03:15:28.924013+00:00,Acatenango,1402-09-,0,294,GREEN,294
2026-07-13T03:15:28.924013+00:00,Fuego,1402-10-,0,365,GREEN,365
2026-07-13T03:15:28.924013+00:00,Agua,1402-111,2,469,YELLOW,473
2026-07-13T03:15:28.924013+00:00,Concepcion (NIC),1404-12-,0,0,GREEN,0
2026-07-13T03:15:28.924013+00:00,Maderas (NIC),1404-13-,0,0,GREEN,0
2026-07-13T03:15:28.924013+00:00,Orosi (CRI),1405-01-,0,0,GREEN,0
2026-07-13T03:15:28.924013+00:00,Rincon de la Vieja (CRI),1405-02-,0,0,GREEN,0
2026-07-13T03:15:28.924013+00:00,Taapaca,1505-011,0,0,GREEN,0
2026-07-13T03:15:28.924013+00:00,Parinacota,1505-012,0,0,GREEN,0
2026-07-13T03:15:28.924013+00:00,Guallatiri,1505-02-,0,0,GREEN,0
2026-07-13T03:15:28.924013+00:00,Isluga,1505-03-,0,0,GREEN,0
2026-07-13T03:15:28.924013+00:00,Irruputuncu,1505-04-,0,0,GREEN,0
2026-07-13T03:15:28.924013+00:00,Ollague,1505-06-,0,0,GREEN,0
2026-07-13T03:15:28.924013+00:00,San Pedro,1505-07-,0,0,GREEN,0
2026-07-13T03:15:28.924013+00:00,Lascar,1505-10-,0,0,GREEN,0
2026-07-13T03:15:28.924013+00:00,Tupungatito,1507-01-,0,0,GREEN,0
2026-07-13T03:15:28.924013+00:00,San Jose,1507-02-,0,0,GREEN,0
2026-07-13T03:15:28.924013+00:00,Tinguiririca,1507-03-,0,0,GREEN,0
2026-07-13T03:15:28.924013+00:00,Planchon-Peteroa,1507-04-,0,0,GREEN,0
2026-07-13T03:15:28.924013+00:00,Descabezado Grande,1507-05-,0,0,GREEN,0
2026-07-13T03:15:28.924013+00:00,Tatara-San Pedro,1507-062,0,0,GREEN,0
2026-07-13T03:15:28.924013+00:00,Laguna del Maule,1507-061,0,0,GREEN,0
2026-07-13T03:15:28.924013+00:00,Nevado de Longavi,1507-063,0,0,GREEN,0
2026-07-13T03:15:28.924013+00:00,Nevados de Chillan,1507-07-,0,0,GREEN,0
2026-07-13T03:15:28.924013+00:00,Antuco,1507-08-,0,0,GREEN,0
2026-07-13T03:15:28.924013+00:00,Copahue,1507-09-,0,0,GREEN,0
2026-07-13T03:15:28.924013+00:00,Callaqui,1507-091,0,0,GREEN,0
2026-07-13T03:15:28.924013+00:00,Lonquimay,1507-10-,0,0,GREEN,0
2026-07-13T03:15:28.924013+00:00,Llaima,1507-11-,0,0,GREEN,0
2026-07-13T03:15:28.924013+00:00,Sollipulli,1507-111,0,0,GREEN,0
2026-07-13T03:15:28.924013+00:00,Villarrica,1507-12-,0,0,GREEN,0
2026-07-13T03:15:28.924013+00:00,Quetrupillan,1507-121,0,0,GREEN,0
2026-07-13T03:15:28.924013+00:00,Lanin,1507-122,0,0,GREEN,0
2026-07-13T03:15:28.924013+00:00,Mocho-Choshuenco,1507-13-,0,0,GREEN,0
2026-07-13T03:15:28.924013+00:00,Carran - Los Venados,1507-14-,0,0,GREEN,0
2026-07-13T03:15:28.924013+00:00,Puyehue - Cordon Caulle,1507-15-,0,0,GREEN,0
2026-07-13T03:15:28.924013+00:00,Antillanca - Casablanca,1507-153,0,0,GREEN,0
2026-07-13T03:15:28.924013+00:00,Osorno,1508-01-,0,0,GREEN,0
2026-07-13T03:15:28.924013+00:00,Calbuco,1508-02-,0,0,GREEN,0
2026-07-13T03:15:28.924013+00:00,Yate,1508-022,0,0,GREEN,0
2026-07-13T03:15:28.924013+00:00,Hornopiren,1508-023,0,0,GREEN,0
2026-07-13T03:15:28.924013+00:00,Huequi,1508-03-,0,0,GREEN,0
2026-07-13T03:15:28.924013+00:00,Michinmahuida,1508-04-,0,0,GREEN,0
2026-07-13T03:15:28.924013+00:00,Chaiten,1508-041,0,0,GREEN,0
2026-07-13T03:15:28.924013+00:00,Corcovado,1508-05-,0,0,GREEN,0
2026-07-13T03:15:28.924013+00:00,Melimoyu,1508-052,0,0,GREEN,0
2026-07-13T03:15:28.924013+00:00,Mentolat,1508-054,0,0,GREEN,0
2026-07-13T03:15:28.924013+00:00,Cay,1508-055,0,0,GREEN,0
2026-07-13T03:15:28.924013+00:00,Maca,1508-056,0,0,GREEN,0
2026-07-13T03:15:28.924013+00:00,Hudson,1508-057,0,0,GREEN,0
2026-07-13T03:15:28.924013+00:00,Wai Sano (IDN),0604-06-,0,0,GREEN,0
2026-07-13T03:15:28.924013+00:00,Ranakah (IDN),0604-071,0,0,GREEN,0
2026-07-13T03:15:28.924013+00:00,Ambrym (VUT),0507-04-,0,0,GREEN,0
2026-07-13T03:15:28.924013+00:00,Jingbo (CHN),1005-04-,0,0,GREEN,0
2026-07-13T03:15:28.924013+00:00,Kishb Harrat (SAU),0301-071,0,0,GREEN,0
2026-07-13T03:15:28.924013+00:00,Semeru (IDN),0603-30-,0,0,GREEN,0
2026-07-13T03:15:28.924013+00:00,Kavachi (SLB),0505-06-,0,0,GREEN,0
2026-07-13T03:20:37.454248+00:00,Acatenango,1402-09-,0,342,GREEN,342
2026-07-13T03:20:37.454248+00:00,Fuego,1402-10-,0,397,GREEN,397
2026-07-13T03:20:37.454248+00:00,Agua,1402-111,2,486,YELLOW,490
2026-07-13T03:20:37.454248+00:00,Concepcion (NIC),1404-12-,0,0,GREEN,0
2026-07-13T03:20:37.454248+00:00,Maderas (NIC),1404-13-,0,0,GREEN,0
2026-07-13T03:20:37.454248+00:00,Orosi (CRI),1405-01-,0,0,GREEN,0
2026-07-13T03:20:37.454248+00:00,Rincon de la Vieja (CRI),1405-02-,0,0,GREEN,0
2026-07-13T03:20:37.454248+00:00,Taapaca,1505-011,0,0,GREEN,0
2026-07-13T03:20:37.454248+00:00,Parinacota,1505-012,0,0,GREEN,0
2026-07-13T03:20:37.454248+00:00,Guallatiri,1505-02-,0,0,GREEN,0
2026-07-13T03:20:37.454248+00:00,Isluga,1505-03-,0,0,GREEN,0
2026-07-13T03:20:37.454248+00:00,Irruputuncu,1505-04-,0,0,GREEN,0
2026-07-13T03:20:37.454248+00:00,Ollague,1505-06-,0,0,GREEN,0
2026-07-13T03:20:37.454248+00:00,San Pedro,1505-07-,0,0,GREEN,0
2026-07-13T03:20:37.454248+00:00,Lascar,1505-10-,0,0,GREEN,0
2026-07-13T03:20:37.454248+00:00,Tupungatito,1507-01-,0,0,GREEN,0
2026-07-13T03:20:37.454248+00:00,San Jose,1507-02-,0,0,GREEN,0
2026-07-13T03:20:37.454248+00:00,Tinguiririca,1507-03-,0,0,GREEN,0
2026-07-13T03:20:37.454248+00:00,Planchon-Peteroa,1507-04-,0,0,GREEN,0
2026-07-13T03:20:37.454248+00:00,Descabezado Grande,1507-05-,0,0,GREEN,0
2026-07-13T03:20:37.454248+00:00,Tatara-San Pedro,1507-062,0,0,GREEN,0
2026-07-13T03:20:37.454248+00:00,Laguna del Maule,1507-061,0,0,GREEN,0
2026-07-13T03:20:37.454248+00:00,Nevado de Longavi,1507-063,0,0,GREEN,0
2026-07-13T03:20:37.454248+00:00,Nevados de Chillan,1507-07-,0,0,GREEN,0
2026-07-13T03:20:37.454248+00:00,Antuco,1507-08-,0,0,GREEN,0
2026-07-13T03:20:37.454248+00:00,Copahue,1507-09-,0,0,GREEN,0
2026-07-13T03:20:37.454248+00:00,Callaqui,1507-091,0,0,GREEN,0
2026-07-13T03:20:37.454248+00:00,Lonquimay,1507-10-,0,0,GREEN,0
2026-07-13T03:20:37.454248+00:00,Llaima,1507-11-,0,0,GREEN,0
2026-07-13T03:20:37.454248+00:00,Sollipulli,1507-111,0,0,GREEN,0
2026-07-13T03:20:37.454248+00:00,Villarrica,1507-12-,0,0,GREEN,0
2026-07-13T03:20:37.454248+00:00,Quetrupillan,1507-121,0,0,GREEN,0
2026-07-13T03:20:37.454248+00:00,Lanin,1507-122,0,0,GREEN,0
2026-07-13T03:20:37.454248+00:00,Mocho-Choshuenco,1507-13-,0,0,GREEN,0
2026-07-13T03:20:37.454248+00:00,Carran - Los Venados,1507-14-,0,0,GREEN,0
2026-07-13T03:20:37.454248+00:00,Puyehue - Cordon Caulle,1507-15-,0,0,GREEN,0
2026-07-13T03:20:37.454248+00:00,Antillanca - Casablanca,1507-153,0,0,GREEN,0
2026-07-13T03:20:37.454248+00:00,Osorno,1508-01-,0,0,GREEN,0
2026-07-13T03:20:37.454248+00:00,Calbuco,1508-02-,0,0,GREEN,0
2026-07-13T03:20:37.454248+00:00,Yate,1508-022,0,0,GREEN,0
2026-07-13T03:20:37.454248+00:00,Hornopiren,1508-023,0,0,GREEN,0
2026-07-13T03:20:37.454248+00:00,Huequi,1508-03-,0,0,GREEN,0
2026-07-13T03:20:37.454248+00:00,Michinmahuida,1508-04-,0,0,GREEN,0
2026-07-13T03:20:37.454248+00:00,Chaiten,1508-041,0,0,GREEN,0
2026-07-13T03:20:37.454248+00:00,Corcovado,1508-05-,0,0,GREEN,0
2026-07-13T03:20:37.454248+00:00,Melimoyu,1508-052,0,0,GREEN,0
2026-07-13T03:20:37.454248+00:00,Mentolat,1508-054,0,0,GREEN,0
2026-07-13T03:20:37.454248+00:00,Cay,1508-055,0,0,GREEN,0
2026-07-13T03:20:37.454248+00:00,Maca,1508-056,0,0,GREEN,0
2026-07-13T03:20:37.454248+00:00,Hudson,1508-057,0,0,GREEN,0
2026-07-13T03:20:37.454248+00:00,Wai Sano (IDN),0604-06-,0,0,GREEN,0
2026-07-13T03:20:37.454248+00:00,Ranakah (IDN),0604-071,0,0,GREEN,0
2026-07-13T03:20:37.454248+00:00,Ambrym (VUT),0507-04-,0,0,GREEN,0
2026-07-13T03:20:37.454248+00:00,Jingbo (CHN),1005-04-,0,0,GREEN,0
2026-07-13T03:20:37.454248+00:00,Kishb Harrat (SAU),0301-071,0,0,GREEN,0
2026-07-13T03:20:37.454248+00:00,Semeru (IDN),0603-30-,0,0,GREEN,0
2026-07-13T03:20:37.454248+00:00,Kavachi (SLB),0505-06-,0,0,GREEN,0
2026-07-13T03:25:32.562625+00:00,Acatenango,1402-09-,0,362,GREEN,362
2026-07-13T03:25:32.562625+00:00,Fuego,1402-10-,0,411,GREEN,411
2026-07-13T03:25:32.562625+00:00,Agua,1402-111,3,479,YELLOW,485
2026-07-13T03:25:32.562625+00:00,Concepcion (NIC),1404-12-,0,0,GREEN,0
2026-07-13T03:25:32.562625+00:00,Maderas (NIC),1404-13-,0,0,GREEN,0
2026-07-13T03:25:32.562625+00:00,Orosi (CRI),1405-01-,0,0,GREEN,0
2026-07-13T03:25:32.562625+00:00,Rincon de la Vieja (CRI),1405-02-,0,0,GREEN,0
2026-07-13T03:25:32.562625+00:00,Taapaca,1505-011,0,0,GREEN,0
2026-07-13T03:25:32.562625+00:00,Parinacota,1505-012,0,0,GREEN,0
2026-07-13T03:25:32.562625+00:00,Guallatiri,1505-02-,0,0,GREEN,0
2026-07-13T03:25:32.562625+00:00,Isluga,1505-03-,0,0,GREEN,0
2026-07-13T03:25:32.562625+00:00,Irruputuncu,1505-04-,0,0,GREEN,0
2026-07-13T03:25:32.562625+00:00,Ollague,1505-06-,0,0,GREEN,0
2026-07-13T03:25:32.562625+00:00,San Pedro,1505-07-,0,0,GREEN,0
2026-07-13T03:25:32.562625+00:00,Lascar,1505-10-,0,0,GREEN,0
2026-07-13T03:25:32.562625+00:00,Tupungatito,1507-01-,0,0,GREEN,0
2026-07-13T03:25:32.562625+00:00,San Jose,1507-02-,0,0,GREEN,0
2026-07-13T03:25:32.562625+00:00,Tinguiririca,1507-03-,0,0,GREEN,0
2026-07-13T03:25:32.562625+00:00,Planchon-Peteroa,1507-04-,0,0,GREEN,0
2026-07-13T03:25:32.562625+00:00,Descabezado Grande,1507-05-,0,0,GREEN,0
2026-07-13T03:25:32.562625+00:00,Tatara-San Pedro,1507-062,0,0,GREEN,0
2026-07-13T03:25:32.562625+00:00,Laguna del Maule,1507-061,0,0,GREEN,0
2026-07-13T03:25:32.562625+00:00,Nevado de Longavi,1507-063,0,0,GREEN,0
2026-07-13T03:25:32.562625+00:00,Nevados de Chillan,1507-07-,0,0,GREEN,0
2026-07-13T03:25:32.562625+00:00,Antuco,1507-08-,0,0,GREEN,0
2026-07-13T03:25:32.562625+00:00,Copahue,1507-09-,0,0,GREEN,0
2026-07-13T03:25:32.562625+00:00,Callaqui,1507-091,0,0,GREEN,0
2026-07-13T03:25:32.562625+00:00,Lonquimay,1507-10-,0,0,GREEN,0
2026-07-13T03:25:32.562625+00:00,Llaima,1507-11-,0,0,GREEN,0
2026-07-13T03:25:32.562625+00:00,Sollipulli,1507-111,0,0,GREEN,0
2026-07-13T03:25:32.562625+00:00,Villarrica,1507-12-,0,0,GREEN,0
2026-07-13T03:25:32.562625+00:00,Quetrupillan,1507-121,0,0,GREEN,0
2026-07-13T03:25:32.562625+00:00,Lanin,1507-122,0,0,GREEN,0
2026-07-13T03:25:32.562625+00:00,Mocho-Choshuenco,1507-13-,0,0,GREEN,0
2026-07-13T03:25:32.562625+00:00,Carran - Los Venados,1507-14-,0,0,GREEN,0
2026-07-13T03:25:32.562625+00:00,Puyehue - Cordon Caulle,1507-15-,0,0,GREEN,0
2026-07-13T03:25:32.562625+00:00,Antillanca - Casablanca,1507-153,0,0,GREEN,0
2026-07-13T03:25:32.562625+00:00,Osorno,1508-01-,0,0,GREEN,0
2026-07-13T03:25:32.562625+00:00,Calbuco,1508-02-,0,0,GREEN,0
2026-07-13T03:25:32.562625+00:00,Yate,1508-022,0,0,GREEN,0
2026-07-13T03:25:32.562625+00:00,Hornopiren,1508-023,0,0,GREEN,0
2026-07-13T03:25:32.562625+00:00,Huequi,1508-03-,0,0,GREEN,0
2026-07-13T03:25:32.562625+00:00,Michinmahuida,1508-04-,0,0,GREEN,0
2026-07-13T03:25:32.562625+00:00,Chaiten,1508-041,0,0,GREEN,0
2026-07-13T03:25:32.562625+00:00,Corcovado,1508-05-,0,0,GREEN,0
2026-07-13T03:25:32.562625+00:00,Melimoyu,1508-052,0,0,GREEN,0
2026-07-13T03:25:32.562625+00:00,Mentolat,1508-054,0,0,GREEN,0
2026-07-13T03:25:32.562625+00:00,Cay,1508-055,0,0,GREEN,0
2026-07-13T03:25:32.562625+00:00,Maca,1508-056,0,0,GREEN,0
2026-07-13T03:25:32.562625+00:00,Hudson,1508-057,0,0,GREEN,0
2026-07-13T03:25:32.562625+00:00,Wai Sano (IDN),0604-06-,0,0,GREEN,0
2026-07-13T03:25:32.562625+00:00,Ranakah (IDN),0604-071,0,0,GREEN,0
2026-07-13T03:25:32.562625+00:00,Ambrym (VUT),0507-04-,0,0,GREEN,0
2026-07-13T03:25:32.562625+00:00,Jingbo (CHN),1005-04-,0,0,GREEN,0
2026-07-13T03:25:32.562625+00:00,Kishb Harrat (SAU),0301-071,0,0,GREEN,0
2026-07-13T03:25:32.562625+00:00,Semeru (IDN),0603-30-,0,0,GREEN,0
2026-07-13T03:25:32.562625+00:00,Kavachi (SLB),0505-06-,0,0,GREEN,0
2026-07-13T03:30:45.851596+00:00,Acatenango,1402-09-,0,413,GREEN,413
2026-07-13T03:30:45.851596+00:00,Fuego,1402-10-,0,450,GREEN,450
2026-07-13T03:30:45.851596+00:00,Agua,1402-111,4,507,YELLOW,515
2026-07-13T03:30:45.851596+00:00,Concepcion (NIC),1404-12-,0,0,GREEN,0
2026-07-13T03:30:45.851596+00:00,Maderas (NIC),1404-13-,0,0,GREEN,0
2026-07-13T03:30:45.851596+00:00,Orosi (CRI),1405-01-,0,0,GREEN,0
2026-07-13T03:30:45.851596+00:00,Rincon de la Vieja (CRI),1405-02-,0,0,GREEN,0
2026-07-13T03:30:45.851596+00:00,Taapaca,1505-011,0,0,GREEN,0
2026-07-13T03:30:45.851596+00:00,Parinacota,1505-012,0,0,GREEN,0
2026-07-13T03:30:45.851596+00:00,Guallatiri,1505-02-,0,0,GREEN,0
2026-07-13T03:30:45.851596+00:00,Isluga,1505-03-,0,0,GREEN,0
2026-07-13T03:30:45.851596+00:00,Irruputuncu,1505-04-,0,0,GREEN,0
2026-07-13T03:30:45.851596+00:00,Ollague,1505-06-,0,0,GREEN,0
2026-07-13T03:30:45.851596+00:00,San Pedro,1505-07-,0,0,GREEN,0
2026-07-13T03:30:45.851596+00:00,Lascar,1505-10-,0,0,GREEN,0
2026-07-13T03:30:45.851596+00:00,Tupungatito,1507-01-,0,0,GREEN,0
2026-07-13T03:30:45.851596+00:00,San Jose,1507-02-,0,0,GREEN,0
2026-07-13T03:30:45.851596+00:00,Tinguiririca,1507-03-,0,0,GREEN,0
2026-07-13T03:30:45.851596+00:00,Planchon-Peteroa,1507-04-,0,0,GREEN,0
2026-07-13T03:30:45.851596+00:00,Descabezado Grande,1507-05-,0,0,GREEN,0
2026-07-13T03:30:45.851596+00:00,Tatara-San Pedro,1507-062,0,0,GREEN,0
2026-07-13T03:30:45.851596+00:00,Laguna del Maule,1507-061,0,0,GREEN,0
2026-07-13T03:30:45.851596+00:00,Nevado de Longavi,1507-063,0,0,GREEN,0
2026-07-13T03:30:45.851596+00:00,Nevados de Chillan,1507-07-,0,0,GREEN,0
2026-07-13T03:30:45.851596+00:00,Antuco,1507-08-,0,0,GREEN,0
2026-07-13T03:30:45.851596+00:00,Copahue,1507-09-,0,0,GREEN,0
2026-07-13T03:30:45.851596+00:00,Callaqui,1507-091,0,0,GREEN,0
2026-07-13T03:30:45.851596+00:00,Lonquimay,1507-10-,0,0,GREEN,0
2026-07-13T03:30:45.851596+00:00,Llaima,1507-11-,0,0,GREEN,0
2026-07-13T03:30:45.851596+00:00,Sollipulli,1507-111,0,0,GREEN,0
2026-07-13T03:30:45.851596+00:00,Villarrica,1507-12-,0,0,GREEN,0
2026-07-13T03:30:45.851596+00:00,Quetrupillan,1507-121,0,0,GREEN,0
2026-07-13T03:30:45.851596+00:00,Lanin,1507-122,0,0,GREEN,0
2026-07-13T03:30:45.851596+00:00,Mocho-Choshuenco,1507-13-,0,0,GREEN,0
2026-07-13T03:30:45.851596+00:00,Carran - Los Venados,1507-14-,0,0,GREEN,0
2026-07-13T03:30:45.851596+00:00,Puyehue - Cordon Caulle,1507-15-,0,0,GREEN,0
2026-07-13T03:30:45.851596+00:00,Antillanca - Casablanca,1507-153,0,0,GREEN,0
2026-07-13T03:30:45.851596+00:00,Osorno,1508-01-,0,0,GREEN,0
2026-07-13T03:30:45.851596+00:00,Calbuco,1508-02-,0,0,GREEN,0
2026-07-13T03:30:45.851596+00:00,Yate,1508-022,0,0,GREEN,0
2026-07-13T03:30:45.851596+00:00,Hornopiren,1508-023,0,0,GREEN,0
2026-07-13T03:30:45.851596+00:00,Huequi,1508-03-,0,0,GREEN,0
2026-07-13T03:30:45.851596+00:00,Michinmahuida,1508-04-,0,0,GREEN,0
2026-07-13T03:30:45.851596+00:00,Chaiten,1508-041,0,0,GREEN,0
2026-07-13T03:30:45.851596+00:00,Corcovado,1508-05-,0,0,GREEN,0
2026-07-13T03:30:45.851596+00:00,Melimoyu,1508-052,0,0,GREEN,0
2026-07-13T03:30:45.851596+00:00,Mentolat,1508-054,0,0,GREEN,0
2026-07-13T03:30:45.851596+00:00,Cay,1508-055,0,0,GREEN,0
2026-07-13T03:30:45.851596+00:00,Maca,1508-056,0,0,GREEN,0
2026-07-13T03:30:45.851596+00:00,Hudson,1508-057,0,0,GREEN,0
2026-07-13T03:30:45.851596+00:00,Wai Sano (IDN),0604-06-,0,0,GREEN,0
2026-07-13T03:30:45.851596+00:00,Ranakah (IDN),0604-071,0,0,GREEN,0
2026-07-13T03:30:45.851596+00:00,Ambrym (VUT),0507-04-,0,0,GREEN,0
2026-07-13T03:30:45.851596+00:00,Jingbo (CHN),1005-04-,0,0,GREEN,0
2026-07-13T03:30:45.851596+00:00,Kishb Harrat (SAU),0301-071,0,0,GREEN,0
2026-07-13T03:30:45.851596+00:00,Semeru (IDN),0603-30-,0,0,GREEN,0
2026-07-13T03:30:45.851596+00:00,Kavachi (SLB),0505-06-,0,0,GREEN,0
